NO_ORGAO,NO_CARGO_ORIGEM,count_gr_mat,cotas,Percentual.cotas,qte_20,diferenca
ADVOCACIA-GERAL DA UNIAO,ADMINISTRADOR,63,17,0.27,12.600000000000001,-4.399999999999999
ADVOCACIA-GERAL DA UNIAO,ADVOGADO DA UNIAO,283,54,0.19,56.6,2.6000000000000014
ADVOCACIA-GERAL DA UNIAO,ANALISTA DE GESTAO EM SAUDE,1,0,0,0.2,0.2
ADVOCACIA-GERAL DA UNIAO,ANALISTA TECNICO ADMINISTRATIVO,55,12,0.22,11,-1
ADVOCACIA-GERAL DA UNIAO,ARQUITETO,3,0,0,0.6000000000000001,0.6000000000000001
ADVOCACIA-GERAL DA UNIAO,ARQUIVISTA,1,0,0,0.2,0.2
ADVOCACIA-GERAL DA UNIAO,CONTADOR,19,4,0.21,3.8000000000000003,-0.19999999999999973
ADVOCACIA-GERAL DA UNIAO,ECONOMISTA,18,2,0.11,3.6,1.6
ADVOCACIA-GERAL DA UNIAO,ENGENHEIRO,11,3,0.27,2.2,-0.7999999999999998
ADVOCACIA-GERAL DA UNIAO,ESTATISTICO,2,0,0,0.4,0.4
ADVOCACIA-GERAL DA UNIAO,MEDICO - PGPE,2,1,0.5,0.4,-0.6
ADVOCACIA-GERAL DA UNIAO,PROCURADOR FEDERAL,185,35,0.19,37,2
ADVOCACIA-GERAL DA UNIAO,PSICOLOGO,5,0,0,1,1
ADVOCACIA-GERAL DA UNIAO,TECNICO EM ASSUNTOS EDUCACIONAIS,6,0,0,1.2000000000000002,1.2000000000000002
ADVOCACIA-GERAL DA UNIAO,TECNICO EM COMUNICACAO SOCIAL,8,2,0.25,1.6,-0.3999999999999999
AGENCIA BRASILEIRA DE INTELIGENCIA,AGENTE DE INTELIGENCIA,4,2,0.5,0.8,-1.2
AGENCIA BRASILEIRA DE INTELIGENCIA,OFICIAL DE INTELIGENCIA,59,0,0,11.8,11.8
AGENCIA BRASILEIRA DE INTELIGENCIA,OFICIAL TECNICO DE INTELIGENCIA,9,1,0.11,1.8,0.8
AGENCIA ESPACIAL BRASILEIRA,ANALISTA EM CIENCIA E TECNOLOGIA,14,3,0.21,2.8000000000000003,-0.19999999999999973
AGENCIA ESPACIAL BRASILEIRA,TECNOLOGISTA,13,4,0.31,2.6,-1.4
AGENCIA NAC. DE TRANSPORTES AQUAVIARIOS,ESP EM REG DE SERV DE TRANSP AQUAVIARIOS,18,9,0.5,3.6,-5.4
AGENCIA NAC. DE TRANSPORTES TERRESTRES,ESP EM REG DE SERV DE TRANSP TERRESTRES,43,4,0.09,8.6,4.6
AGENCIA NACIONAL DE AGUAS,ESPECIALISTA EM REC HIDRICOS,35,0,0,7,7
AGENCIA NACIONAL DE AVIACAO CIVIL,ESP EM REGULACAO DE AVIACAO CIVIL,68,11,0.16,13.600000000000001,2.6000000000000014
AGENCIA NACIONAL DE AVIACAO CIVIL,TEC EM REGULACAO DE AVIACAO CIVIL,1,0,0,0.2,0.2
AGENCIA NACIONAL DE ENERGIA ELETRICA,ESP EM REGULACAO DE SERV PUB DE ENERGIA,34,1,0.03,6.800000000000001,5.800000000000001
AGENCIA NACIONAL DE MINERACAO,ANALISTA ADMINISTRATIVO,36,0,0,7.2,7.2
AGENCIA NACIONAL DE MINERACAO,ESPECIALISTA EM RECURSOS MINERAIS,175,1,0.01,35,34
AGENCIA NACIONAL DE SAUDE SUPLEMENTAR,ESP EM REGULACAO DE SAUDE SUPLEMENTAR,29,2,0.07,5.800000000000001,3.8000000000000007
AGENCIA NACIONAL DE TELECOMUNICACOES,ESP EM REG DE SERV PUB DE TELECOMNICACAO,40,9,0.22,8,-1
AGENCIA NACIONAL DE VIGILANCIA SANITARIA,ESP EM REGULACAO E VIGILANCIA SANITARIA,43,11,0.26,8.6,-2.4000000000000004
AMAZONIA AZUL TECNOLOGIAS DE DEFESA SA,ANALISTA DESENV TECN NUCLEAR E DEFESA,63,16,0.25,12.600000000000001,-3.3999999999999986
AMAZONIA AZUL TECNOLOGIAS DE DEFESA SA,ESPECIALISTA DESENV TECN NUCLEAR DEFESA,172,37,0.22,34.4,-2.6000000000000014
AMAZONIA AZUL TECNOLOGIAS DE DEFESA SA,TECNICO DESENV TECNOL NUCLEAR E DEFESA,108,22,0.2,21.6,-0.3999999999999986
CENTRO FED.DE EDUC.TECNOL.MINAS GERAIS,ARQUITETO E URBANISTA,1,0,0,0.2,0.2
CENTRO FED.DE EDUC.TECNOL.MINAS GERAIS,ASSISTENTE DE ALUNO,1,1,1,0.2,-0.8
CENTRO FED.DE EDUC.TECNOL.MINAS GERAIS,ASSISTENTE EM ADMINISTRACAO,11,0,0,2.2,2.2
CENTRO FED.DE EDUC.TECNOL.MINAS GERAIS,BIBLIOTECARIO-DOCUMENTALISTA,2,1,0.5,0.4,-0.6
CENTRO FED.DE EDUC.TECNOL.MINAS GERAIS,CONTADOR,2,1,0.5,0.4,-0.6
CENTRO FED.DE EDUC.TECNOL.MINAS GERAIS,ENFERMEIRO-AREA,1,0,0,0.2,0.2
CENTRO FED.DE EDUC.TECNOL.MINAS GERAIS,ENGENHEIRO-AREA,1,0,0,0.2,0.2
CENTRO FED.DE EDUC.TECNOL.MINAS GERAIS,MEDICO - PCCTAE,1,0,0,0.2,0.2
CENTRO FED.DE EDUC.TECNOL.MINAS GERAIS,ODONTOLOGO - 40 HORAS,1,0,0,0.2,0.2
CENTRO FED.DE EDUC.TECNOL.MINAS GERAIS,PEDAGOGO-AREA,1,1,1,0.2,-0.8
CENTRO FED.DE EDUC.TECNOL.MINAS GERAIS,PROFESSOR ENS BASICO TECN TECNOLOGICO,32,2,0.06,6.4,4.4
CENTRO FED.DE EDUC.TECNOL.MINAS GERAIS,PSICOLOGO-AREA,2,0,0,0.4,0.4
CENTRO FED.DE EDUC.TECNOL.MINAS GERAIS,TEC DE TECNOLOGIA DA INFORMACAO,7,2,0.29,1.4000000000000001,-0.5999999999999999
CENTRO FED.DE EDUC.TECNOL.MINAS GERAIS,TECNICO DE LABORATORIO AREA,25,3,0.12,5,2
CENTRO FED.DE EDUC.TECNOL.MINAS GERAIS,TECNOLOGO-FORMACAO,1,1,1,0.2,-0.8
CENTRO FED.EDUC.TECNOL.CELSO S. FONSECA,ADMINISTRADOR,9,2,0.22,1.8,-0.19999999999999996
CENTRO FED.EDUC.TECNOL.CELSO S. FONSECA,ARQUITETO E URBANISTA,2,0,0,0.4,0.4
CENTRO FED.EDUC.TECNOL.CELSO S. FONSECA,ASSISTENTE DE ALUNO,7,4,0.57,1.4000000000000001,-2.5999999999999996
CENTRO FED.EDUC.TECNOL.CELSO S. FONSECA,ASSISTENTE EM ADMINISTRACAO,47,18,0.38,9.4,-8.6
CENTRO FED.EDUC.TECNOL.CELSO S. FONSECA,BIBLIOTECARIO-DOCUMENTALISTA,2,0,0,0.4,0.4
CENTRO FED.EDUC.TECNOL.CELSO S. FONSECA,CONTADOR,3,1,0.33,0.6000000000000001,-0.3999999999999999
CENTRO FED.EDUC.TECNOL.CELSO S. FONSECA,ENGENHEIRO-AREA,1,1,1,0.2,-0.8
CENTRO FED.EDUC.TECNOL.CELSO S. FONSECA,NUTRICIONISTA-HABILITACAO,1,1,1,0.2,-0.8
CENTRO FED.EDUC.TECNOL.CELSO S. FONSECA,PEDAGOGO-AREA,2,1,0.5,0.4,-0.6
CENTRO FED.EDUC.TECNOL.CELSO S. FONSECA,PROFESSOR ENS BASICO TECN TECNOLOGICO,100,10,0.1,20,10
CENTRO FED.EDUC.TECNOL.CELSO S. FONSECA,PSICOLOGO-AREA,2,1,0.5,0.4,-0.6
CENTRO FED.EDUC.TECNOL.CELSO S. FONSECA,TEC DE TECNOLOGIA DA INFORMACAO,14,6,0.43,2.8000000000000003,-3.1999999999999997
CENTRO FED.EDUC.TECNOL.CELSO S. FONSECA,TECNICO DE LABORATORIO AREA,10,3,0.3,2,-1
CENTRO FED.EDUC.TECNOL.CELSO S. FONSECA,TECNICO EM ASSUNTOS EDUCACIONAIS,9,0,0,1.8,1.8
CENTRO FED.EDUC.TECNOL.CELSO S. FONSECA,TECNOLOGO-FORMACAO,2,1,0.5,0.4,-0.6
COLEGIO PEDRO II,ARQUITETO E URBANISTA,1,0,0,0.2,0.2
COLEGIO PEDRO II,ASSISTENTE DE ALUNO,3,0,0,0.6000000000000001,0.6000000000000001
COLEGIO PEDRO II,ASSISTENTE EM ADMINISTRACAO,96,26,0.27,19.200000000000003,-6.799999999999997
COLEGIO PEDRO II,ASSISTENTE SOCIAL,2,1,0.5,0.4,-0.6
COLEGIO PEDRO II,BIBLIOTECARIO-DOCUMENTALISTA,1,0,0,0.2,0.2
COLEGIO PEDRO II,ENGENHEIRO-AREA,3,0,0,0.6000000000000001,0.6000000000000001
COLEGIO PEDRO II,FONOAUDIOLOGO,1,1,1,0.2,-0.8
COLEGIO PEDRO II,PEDAGOGO-AREA,1,1,1,0.2,-0.8
COLEGIO PEDRO II,PROFESSOR ENS BASICO TECN TECNOLOGICO,53,6,0.11,10.600000000000001,4.600000000000001
COLEGIO PEDRO II,PSICOLOGO-AREA,2,0,0,0.4,0.4
COLEGIO PEDRO II,TEC DE TECNOLOGIA DA INFORMACAO,9,2,0.22,1.8,-0.19999999999999996
COLEGIO PEDRO II,TECNICO DE LABORATORIO AREA,2,0,0,0.4,0.4
COLEGIO PEDRO II,TECNICO EM ASSUNTOS EDUCACIONAIS,4,2,0.5,0.8,-1.2
COLEGIO PEDRO II,TECNICO EM CONTABILIDADE,5,2,0.4,1,-1
COMANDO DA MARINHA,JUIZ DO TRIBUNAL MARITIMO,1,0,0,0.2,0.2
COMISSAO DE VALORES MOBILIARIOS,ANALISTA CVM,1,0,0,0.2,0.2
COMISSAO DE VALORES MOBILIARIOS,INSPETOR FEDERAL MERC DE CAPITAIS,85,16,0.19,17,1
COMPANHIA BRASILEIRA DE TRENS URBANOS,ASM-ASSIST MANUT SIST EQUIP METROFERROV,1,0,0,0.2,0.2
COMPANHIA BRASILEIRA DE TRENS URBANOS,ASO-ASSIST CONDUCAO VEICULO METROFERROV,1,0,0,0.2,0.2
COMPANHIA BRASILEIRA DE TRENS URBANOS,ASO-ASSISTENTE SEGURANCA METROFERROV,3,0,0,0.6000000000000001,0.6000000000000001
COMPANHIA BRASILEIRA DE TRENS URBANOS,TGE-TECNICO DE GESTAO,1,0,0,0.2,0.2
COMPANHIA BRASILEIRA DE TRENS URBANOS,TIN-TECNICO INDUSTRIAL,3,0,0,0.6000000000000001,0.6000000000000001
COMPANHIA DESENV. DO VALE SAO FRANCISCO,ANALISTA EM DESENVOLVIMENTO REGIONAL,297,17,0.06,59.400000000000006,42.400000000000006
COMPANHIA DESENV. DO VALE SAO FRANCISCO,ASSESSOR JURIDICO,12,0,0,2.4000000000000004,2.4000000000000004
CONSELHO NAC.DE DESEN.CIEN.E TECNOLOGICO,ANALISTA EM CIENCIA E TECNOLOGIA,54,1,0.02,10.8,9.8
CONTROLADORIA-GERAL DA UNIAO,AUDITOR FEDERAL DE FINANCAS E CONTROLE,72,13,0.18,14.4,1.4000000000000004
CONTROLADORIA-GERAL DA UNIAO,TECNICO FEDERAL DE FINANCAS E CONTROLE,14,3,0.21,2.8000000000000003,-0.19999999999999973
DEPARTAMENTO DE POLICIA FEDERAL,AGENTE DE POLICIA FEDERAL 3A CLASSE,22,3,0.14,4.4,1.4000000000000004
DEPARTAMENTO DE POLICIA FEDERAL,DELEGADO DE POLICIA FEDERAL 3A CLASSE,2,0,0,0.4,0.4
DEPARTAMENTO DE POLICIA FEDERAL,ESCRIVAO DE POLICIA FEDERAL 3A CLASSE,8,0,0,1.6,1.6
DEPARTAMENTO DE POLICIA FEDERAL,PERITO CRIMINAL FEDERAL 3A CLASSE,2,0,0,0.4,0.4
DEPARTAMENTO NAC.DE INFRAEST. DE TRANSP.,ANALISTA ADMINISTRATIVO,39,10,0.26,7.800000000000001,-2.1999999999999993
DEPARTAMENTO NAC.DE INFRAEST. DE TRANSP.,ANALISTA EM INFRA-ESTRUT DE TRANSPORTES,52,9,0.17,10.4,1.4000000000000004
DEPTO. DE POLICIA RODOVIARIA FEDERAL,POLICIAL RODOVIARIO FEDERAL,546,65,0.12,109.2,44.2
DEPTO. DE POLICIA RODOVIARIA FEDERAL,TECNICO DE LABORATORIO AREA,1,0,0,0.2,0.2
EMPRESA BRAS. DE SERVICOS HOSPITALARES,ADVOGADO - 40H,38,2,0.05,7.6000000000000005,5.6000000000000005
EMPRESA BRAS. DE SERVICOS HOSPITALARES,ANALISTA ADMINISTRATIVO - 40H,634,80,0.13,126.80000000000001,46.80000000000001
EMPRESA BRAS. DE SERVICOS HOSPITALARES,ANALISTA DE TECNOL DA INFORMACAO - 40H,156,15,0.1,31.200000000000003,16.200000000000003
EMPRESA BRAS. DE SERVICOS HOSPITALARES,ARQUITETO - 40H,29,0,0,5.800000000000001,5.800000000000001
EMPRESA BRAS. DE SERVICOS HOSPITALARES,ASSISTENTE ADMINISTRATIVO - 40H,869,164,0.19,173.8,9.800000000000011
EMPRESA BRAS. DE SERVICOS HOSPITALARES,ASSISTENTE SOCIAL - 30H,120,18,0.15,24,6
EMPRESA BRAS. DE SERVICOS HOSPITALARES,BIOLOGO - 40H,20,2,0.1,4,2
EMPRESA BRAS. DE SERVICOS HOSPITALARES,BIOMEDICO - 40H,115,14,0.12,23,9
EMPRESA BRAS. DE SERVICOS HOSPITALARES,CIRURGIAO DENTISTA - 30H,29,1,0.03,5.800000000000001,4.800000000000001
EMPRESA BRAS. DE SERVICOS HOSPITALARES,ENFERMEIRO - 36H,1525,241,0.16,305,64
EMPRESA BRAS. DE SERVICOS HOSPITALARES,ENFERMEIRO - 40H,3,0,0,0.6000000000000001,0.6000000000000001
EMPRESA BRAS. DE SERVICOS HOSPITALARES,ENGENHEIRO - 40H,140,1,0.01,28,27
EMPRESA BRAS. DE SERVICOS HOSPITALARES,FARMACEUTICO - 40H,269,44,0.16,53.800000000000004,9.800000000000004
EMPRESA BRAS. DE SERVICOS HOSPITALARES,FISICO - 40H,22,0,0,4.4,4.4
EMPRESA BRAS. DE SERVICOS HOSPITALARES,FISIOTERAPEUTA - 30H,442,50,0.11,88.4,38.400000000000006
EMPRESA BRAS. DE SERVICOS HOSPITALARES,FONOAUDIOLOGO,1,0,0,0.2,0.2
EMPRESA BRAS. DE SERVICOS HOSPITALARES,FONOAUDIOLOGO - 30H,117,7,0.06,23.400000000000002,16.400000000000002
EMPRESA BRAS. DE SERVICOS HOSPITALARES,JORNALISTA - 25H,26,1,0.04,5.2,4.2
EMPRESA BRAS. DE SERVICOS HOSPITALARES,MEDICO,2,0,0,0.4,0.4
EMPRESA BRAS. DE SERVICOS HOSPITALARES,MEDICO  - 20H,1,0,0,0.2,0.2
EMPRESA BRAS. DE SERVICOS HOSPITALARES,MEDICO - 24H,3166,53,0.02,633.2,580.2
EMPRESA BRAS. DE SERVICOS HOSPITALARES,MEDICO - 40H,12,0,0,2.4000000000000004,2.4000000000000004
EMPRESA BRAS. DE SERVICOS HOSPITALARES,NUTRICIONISTA - 40H,135,24,0.18,27,3
EMPRESA BRAS. DE SERVICOS HOSPITALARES,PEDAGOGO - 40H,23,3,0.13,4.6000000000000005,1.6000000000000005
EMPRESA BRAS. DE SERVICOS HOSPITALARES,PROFIS DE EDUCACAO FISICA - 40H,2,0,0,0.4,0.4
EMPRESA BRAS. DE SERVICOS HOSPITALARES,PROFISSIONAL DE EDUCACAO FISICA - 40H,6,0,0,1.2000000000000002,1.2000000000000002
EMPRESA BRAS. DE SERVICOS HOSPITALARES,PSICOLOGO - 40H,140,16,0.11,28,12
EMPRESA BRAS. DE SERVICOS HOSPITALARES,TECNICO ADMINISTRATIVO - 40H,94,9,0.1,18.8,9.8
EMPRESA BRAS. DE SERVICOS HOSPITALARES,TECNICO DE ENFERMAGEM,1,0,0,0.2,0.2
EMPRESA BRAS. DE SERVICOS HOSPITALARES,TECNICO EM ENFERMAGEM - 36H,3477,615,0.18,695.4000000000001,80.40000000000009
EMPRESA BRAS. DE SERVICOS HOSPITALARES,TECNICO EM LABORATORIO,1,0,0,0.2,0.2
EMPRESA BRAS. DE SERVICOS HOSPITALARES,TECNICO EM RADIOLOGIA - 24H,204,25,0.12,40.800000000000004,15.800000000000004
EMPRESA BRAS. DE SERVICOS HOSPITALARES,TECNICO EM SAUDE - 40H,548,76,0.14,109.60000000000001,33.60000000000001
EMPRESA BRAS. DE SERVICOS HOSPITALARES,TECNOLOGO - 24H,16,0,0,3.2,3.2
EMPRESA BRAS. DE SERVICOS HOSPITALARES,TECNOLOGO - 40H,6,0,0,1.2000000000000002,1.2000000000000002
EMPRESA BRAS. DE SERVICOS HOSPITALARES,TERAPEUTA OCUPACIONAL - 30H,55,4,0.07,11,7
EMPRESA BRASILEIRA DE PESQ. AGROPECUARIA,ANALISTA-B,157,27,0.17,31.400000000000002,4.400000000000002
EMPRESA BRASILEIRA DE PESQ. AGROPECUARIA,ASSISTENTE-B,1,0,0,0.2,0.2
EMPRESA BRASILEIRA DE PESQ. AGROPECUARIA,ASSISTENTE-C,14,2,0.14,2.8000000000000003,0.8000000000000003
EMPRESA BRASILEIRA DE PESQ. AGROPECUARIA,PESQUISADOR-B,60,7,0.12,12,5
EMPRESA BRASILEIRA DE PESQ. AGROPECUARIA,TECNICO-B,23,1,0.04,4.6000000000000005,3.6000000000000005
EMPRESA DE PESQUISA ENERGETICA,ADVOGADO,4,0,0,0.8,0.8
EMPRESA DE PESQUISA ENERGETICA,ANALISTA DE GESTAO CORPORATIVA,41,0,0,8.200000000000001,8.200000000000001
EMPRESA DE PESQUISA ENERGETICA,ANALISTA DE PESQUISA ENERGETICA,94,0,0,18.8,18.8
EMPRESA DE TRENS URBANOS DE PORTO ALEGRE,AGENTE METROV - OPERACAO DE ESTACAO,2,0,0,0.4,0.4
EMPRESA DE TRENS URBANOS DE PORTO ALEGRE,AGENTE METROV - SEGURANCA METROVIARIA,14,6,0.43,2.8000000000000003,-3.1999999999999997
EMPRESA DE TRENS URBANOS DE PORTO ALEGRE,TEC DE SERV - TEC ENFERMAGEM TRABALHO,1,0,0,0.2,0.2
FUND COORD APERF PESSOAL NIVEL SUPERIOR,ANALISTA EM CIENCIA E TECNOLOGIA,49,9,0.18,9.8,0.8000000000000007
FUND. INST. BRASIL. GEOG. E ESTATISTICA,ANALISTA PLAN GEST INF INFOR GEOG ESTATI,156,33,0.21,31.200000000000003,-1.7999999999999972
FUND. INST. BRASIL. GEOG. E ESTATISTICA,PESQ EM INFORMACOES GEOGRAFICAS,3,0,0,0.6000000000000001,0.6000000000000001
FUND. INST. BRASIL. GEOG. E ESTATISTICA,TEC INFOR GEOGRAFICAS E ESTATISTICA,231,49,0.21,46.2,-2.799999999999997
FUND. INST. BRASIL. GEOG. E ESTATISTICA,TECNOL INF GEOGRAFICA ESTATISTICA,206,45,0.22,41.2,-3.799999999999997
FUND. UNIV FEDERAL DA GRANDE DOURADOS,ADMINISTRADOR,1,0,0,0.2,0.2
FUND. UNIV FEDERAL DA GRANDE DOURADOS,ANALISTA DE TEC DA INFORMACAO,5,0,0,1,1
FUND. UNIV FEDERAL DA GRANDE DOURADOS,ARQUIVISTA,2,1,0.5,0.4,-0.6
FUND. UNIV FEDERAL DA GRANDE DOURADOS,ASSISTENTE EM ADMINISTRACAO,25,6,0.24,5,-1
FUND. UNIV FEDERAL DA GRANDE DOURADOS,ASSISTENTE SOCIAL,2,1,0.5,0.4,-0.6
FUND. UNIV FEDERAL DA GRANDE DOURADOS,BIBLIOTECARIO-DOCUMENTALISTA,1,1,1,0.2,-0.8
FUND. UNIV FEDERAL DA GRANDE DOURADOS,CONTADOR,1,0,0,0.2,0.2
FUND. UNIV FEDERAL DA GRANDE DOURADOS,ECONOMISTA,2,0,0,0.4,0.4
FUND. UNIV FEDERAL DA GRANDE DOURADOS,ENGENHEIRO DE SEG DO TRABALHO,3,1,0.33,0.6000000000000001,-0.3999999999999999
FUND. UNIV FEDERAL DA GRANDE DOURADOS,ENGENHEIRO-AREA,5,1,0.2,1,0
FUND. UNIV FEDERAL DA GRANDE DOURADOS,PRODUTOR CULTURAL,1,0,0,0.2,0.2
FUND. UNIV FEDERAL DA GRANDE DOURADOS,PROFESSOR DO MAGISTERIO SUPERIOR,51,6,0.12,10.200000000000001,4.200000000000001
FUND. UNIV FEDERAL DA GRANDE DOURADOS,TEC DE TECNOLOGIA DA INFORMACAO,12,0,0,2.4000000000000004,2.4000000000000004
FUND. UNIV FEDERAL DA GRANDE DOURADOS,TECNICO DE LABORATORIO AREA,14,2,0.14,2.8000000000000003,0.8000000000000003
FUND. UNIV FEDERAL DA GRANDE DOURADOS,TECNICO EM ASSUNTOS EDUCACIONAIS,10,3,0.3,2,-1
FUND. UNIV FEDERAL DA GRANDE DOURADOS,TECNICO EM CONTABILIDADE,3,0,0,0.6000000000000001,0.6000000000000001
FUND. UNIVERSIDADE DE SAO JOAO DEL REI,ADMINISTRADOR,3,1,0.33,0.6000000000000001,-0.3999999999999999
FUND. UNIVERSIDADE DE SAO JOAO DEL REI,ARQUITETO E URBANISTA,1,0,0,0.2,0.2
FUND. UNIVERSIDADE DE SAO JOAO DEL REI,ASSISTENTE EM ADMINISTRACAO,11,1,0.09,2.2,1.2000000000000002
FUND. UNIVERSIDADE DE SAO JOAO DEL REI,BIBLIOTECARIO-DOCUMENTALISTA,2,0,0,0.4,0.4
FUND. UNIVERSIDADE DE SAO JOAO DEL REI,CONTADOR,2,0,0,0.4,0.4
FUND. UNIVERSIDADE DE SAO JOAO DEL REI,ENGENHEIRO-AREA,2,0,0,0.4,0.4
FUND. UNIVERSIDADE DE SAO JOAO DEL REI,PROFESSOR DO MAGISTERIO SUPERIOR,43,1,0.02,8.6,7.6
FUND. UNIVERSIDADE DE SAO JOAO DEL REI,PROFESSOR TITULAR-LIVRE MAG SUPERIOR,1,0,0,0.2,0.2
FUND. UNIVERSIDADE DE SAO JOAO DEL REI,PSICOLOGO-AREA,3,0,0,0.6000000000000001,0.6000000000000001
FUND. UNIVERSIDADE DE SAO JOAO DEL REI,TEC DE TECNOLOGIA DA INFORMACAO,4,1,0.25,0.8,-0.19999999999999996
FUND. UNIVERSIDADE DE SAO JOAO DEL REI,TECNICO DE LABORATORIO AREA,7,0,0,1.4000000000000001,1.4000000000000001
FUND. UNIVERSIDADE DE SAO JOAO DEL REI,TECNICO EM CONTABILIDADE,5,1,0.2,1,0
FUND. UNIVERSIDADE FEDERAL DE RONDONIA,ADMINISTRADOR,5,1,0.2,1,0
FUND. UNIVERSIDADE FEDERAL DE RONDONIA,ANALISTA DE TEC DA INFORMACAO,6,1,0.17,1.2000000000000002,0.20000000000000018
FUND. UNIVERSIDADE FEDERAL DE RONDONIA,ARQUIVISTA,1,0,0,0.2,0.2
FUND. UNIVERSIDADE FEDERAL DE RONDONIA,ASSISTENTE EM ADMINISTRACAO,25,5,0.2,5,0
FUND. UNIVERSIDADE FEDERAL DE RONDONIA,ASSISTENTE SOCIAL,1,0,0,0.2,0.2
FUND. UNIVERSIDADE FEDERAL DE RONDONIA,BIBLIOTECARIO-DOCUMENTALISTA,4,0,0,0.8,0.8
FUND. UNIVERSIDADE FEDERAL DE RONDONIA,ENGENHEIRO DE SEG DO TRABALHO,2,0,0,0.4,0.4
FUND. UNIVERSIDADE FEDERAL DE RONDONIA,ENGENHEIRO-AREA,5,0,0,1,1
FUND. UNIVERSIDADE FEDERAL DE RONDONIA,MEDICO - PCCTAE,2,0,0,0.4,0.4
FUND. UNIVERSIDADE FEDERAL DE RONDONIA,NUTRICIONISTA-HABILITACAO,2,0,0,0.4,0.4
FUND. UNIVERSIDADE FEDERAL DE RONDONIA,PROFESSOR DO MAGISTERIO SUPERIOR,74,2,0.03,14.8,12.8
FUND. UNIVERSIDADE FEDERAL DE RONDONIA,TEC DE TECNOLOGIA DA INFORMACAO,13,2,0.15,2.6,0.6000000000000001
FUND. UNIVERSIDADE FEDERAL DE RONDONIA,TECNICO DE LABORATORIO AREA,8,1,0.12,1.6,0.6000000000000001
FUND. UNIVERSIDADE FEDERAL DE RONDONIA,TECNICO EM AGROPECUARIA,2,0,0,0.4,0.4
FUND. UNIVERSIDADE FEDERAL DE RONDONIA,TECNICO EM ASSUNTOS EDUCACIONAIS,16,2,0.12,3.2,1.2000000000000002
FUND. UNIVERSIDADE FEDERAL DE RONDONIA,TECNICO EM CONTABILIDADE,6,1,0.17,1.2000000000000002,0.20000000000000018
FUND. UNIVERSIDADE FEDERAL DE RONDONIA,TECNICO EM ENFERMAGEM,2,0,0,0.4,0.4
FUND.UNIV.FED.CIENC.SAUDE D PORTO ALEGRE,ASSISTENTE EM ADMINISTRACAO,6,2,0.33,1.2000000000000002,-0.7999999999999998
FUND.UNIV.FED.CIENC.SAUDE D PORTO ALEGRE,BIBLIOTECARIO-DOCUMENTALISTA,2,0,0,0.4,0.4
FUND.UNIV.FED.CIENC.SAUDE D PORTO ALEGRE,CONTADOR,1,0,0,0.2,0.2
FUND.UNIV.FED.CIENC.SAUDE D PORTO ALEGRE,ENFERMEIRO-AREA,1,0,0,0.2,0.2
FUND.UNIV.FED.CIENC.SAUDE D PORTO ALEGRE,ENGENHEIRO DE SEG DO TRABALHO,1,0,0,0.2,0.2
FUND.UNIV.FED.CIENC.SAUDE D PORTO ALEGRE,MEDICO - PCCTAE,1,0,0,0.2,0.2
FUND.UNIV.FED.CIENC.SAUDE D PORTO ALEGRE,PROFESSOR DO MAGISTERIO SUPERIOR,35,2,0.06,7,5
FUND.UNIV.FED.CIENC.SAUDE D PORTO ALEGRE,TEC DE TECNOLOGIA DA INFORMACAO,5,1,0.2,1,0
FUND.UNIV.FED.CIENC.SAUDE D PORTO ALEGRE,TECNICO DE LABORATORIO AREA,5,1,0.2,1,0
FUND.UNIV.FED.CIENC.SAUDE D PORTO ALEGRE,TECNICO EM ASSUNTOS EDUCACIONAIS,5,1,0.2,1,0
FUND.UNIV.FED.DO VALE DO SAO FRANCISCO,ASSISTENTE EM ADMINISTRACAO,3,0,0,0.6000000000000001,0.6000000000000001
FUND.UNIV.FED.DO VALE DO SAO FRANCISCO,AUDITOR,1,1,1,0.2,-0.8
FUND.UNIV.FED.DO VALE DO SAO FRANCISCO,PROFESSOR DO MAGISTERIO SUPERIOR,50,12,0.24,10,-2
FUNDACAO NACIONAL DOS POVOS INDIGENAS,ESPECIALISTA EM INDIGENISMO - NS,242,45,0.19,48.400000000000006,3.4000000000000057
FUNDACAO NACIONAL DOS POVOS INDIGENAS,PROCURADOR FEDERAL,1,0,0,0.2,0.2
FUNDACAO NACIONAL DOS POVOS INDIGENAS,TECNICO EM INDIGENISMO - NI,82,14,0.17,16.400000000000002,2.400000000000002
FUNDACAO OSWALDO CRUZ,ANALISTA DE GESTAO EM SAUDE,95,18,0.19,19,1
FUNDACAO OSWALDO CRUZ,PESQUISADOR EM SAUDE PUBLICA,102,21,0.21,20.400000000000002,-0.5999999999999979
FUNDACAO OSWALDO CRUZ,TECNOLOGISTA EM SAUDE PUBLICA,101,25,0.25,20.200000000000003,-4.799999999999997
FUNDACAO UNIV. FEDERAL DE OURO PRETO,ANALISTA DE TEC DA INFORMACAO,1,1,1,0.2,-0.8
FUNDACAO UNIV. FEDERAL DE OURO PRETO,ARQUIVISTA,2,0,0,0.4,0.4
FUNDACAO UNIV. FEDERAL DE OURO PRETO,ASSISTENTE EM ADMINISTRACAO,18,3,0.17,3.6,0.6000000000000001
FUNDACAO UNIV. FEDERAL DE OURO PRETO,BIBLIOTECARIO-DOCUMENTALISTA,1,0,0,0.2,0.2
FUNDACAO UNIV. FEDERAL DE OURO PRETO,CONTADOR,1,1,1,0.2,-0.8
FUNDACAO UNIV. FEDERAL DE OURO PRETO,ENGENHEIRO-AREA,1,0,0,0.2,0.2
FUNDACAO UNIV. FEDERAL DE OURO PRETO,FARMACEUTICO-HABILITACAO,4,1,0.25,0.8,-0.19999999999999996
FUNDACAO UNIV. FEDERAL DE OURO PRETO,GEOLOGO,1,0,0,0.2,0.2
FUNDACAO UNIV. FEDERAL DE OURO PRETO,MEDICO - PCCTAE,3,0,0,0.6000000000000001,0.6000000000000001
FUNDACAO UNIV. FEDERAL DE OURO PRETO,NUTRICIONISTA-HABILITACAO,1,0,0,0.2,0.2
FUNDACAO UNIV. FEDERAL DE OURO PRETO,ODONTOLOGO - 40 HORAS,2,0,0,0.4,0.4
FUNDACAO UNIV. FEDERAL DE OURO PRETO,PRODUTOR CULTURAL,2,1,0.5,0.4,-0.6
FUNDACAO UNIV. FEDERAL DE OURO PRETO,PROFESSOR DO MAGISTERIO SUPERIOR,44,2,0.05,8.8,6.800000000000001
FUNDACAO UNIV. FEDERAL DE OURO PRETO,PSICOLOGO-AREA,1,0,0,0.2,0.2
FUNDACAO UNIV. FEDERAL DE OURO PRETO,TEC DE TECNOLOGIA DA INFORMACAO,10,3,0.3,2,-1
FUNDACAO UNIV. FEDERAL DE OURO PRETO,TECNICO DE LABORATORIO AREA,13,4,0.31,2.6,-1.4
FUNDACAO UNIV. FEDERAL DE OURO PRETO,TECNICO EM ASSUNTOS EDUCACIONAIS,1,0,0,0.2,0.2
FUNDACAO UNIV. FEDERAL DE OURO PRETO,TECNICO EM CONTABILIDADE,1,0,0,0.2,0.2
FUNDACAO UNIV. FEDERAL DE OURO PRETO,TECNICO EM ENFERMAGEM,4,0,0,0.8,0.8
FUNDACAO UNIV. FEDERAL DE OURO PRETO,TECNICO EM FARMACIA,1,0,0,0.2,0.2
FUNDACAO UNIV. FEDERAL DE UBERLANDIA,ARQUITETO E URBANISTA,1,0,0,0.2,0.2
FUNDACAO UNIV. FEDERAL DE UBERLANDIA,ARQUIVISTA,1,0,0,0.2,0.2
FUNDACAO UNIV. FEDERAL DE UBERLANDIA,ASSISTENTE DE ALUNO,2,0,0,0.4,0.4
FUNDACAO UNIV. FEDERAL DE UBERLANDIA,ASSISTENTE EM ADMINISTRACAO,48,9,0.19,9.600000000000001,0.6000000000000014
FUNDACAO UNIV. FEDERAL DE UBERLANDIA,AUDITOR,1,1,1,0.2,-0.8
FUNDACAO UNIV. FEDERAL DE UBERLANDIA,BIBLIOTECARIO-DOCUMENTALISTA,3,1,0.33,0.6000000000000001,-0.3999999999999999
FUNDACAO UNIV. FEDERAL DE UBERLANDIA,BIOLOGO,1,0,0,0.2,0.2
FUNDACAO UNIV. FEDERAL DE UBERLANDIA,ECONOMISTA,2,0,0,0.4,0.4
FUNDACAO UNIV. FEDERAL DE UBERLANDIA,ENFERMEIRO-AREA,2,1,0.5,0.4,-0.6
FUNDACAO UNIV. FEDERAL DE UBERLANDIA,ENGENHEIRO-AREA,1,0,0,0.2,0.2
FUNDACAO UNIV. FEDERAL DE UBERLANDIA,FISIOTERAPEUTA,2,1,0.5,0.4,-0.6
FUNDACAO UNIV. FEDERAL DE UBERLANDIA,GEOGRAFO,1,0,0,0.2,0.2
FUNDACAO UNIV. FEDERAL DE UBERLANDIA,MEDICO - PCCTAE,6,0,0,1.2000000000000002,1.2000000000000002
FUNDACAO UNIV. FEDERAL DE UBERLANDIA,MEDICO VETERINARIO - PCCTAE,1,0,0,0.2,0.2
FUNDACAO UNIV. FEDERAL DE UBERLANDIA,NUTRICIONISTA-HABILITACAO,1,0,0,0.2,0.2
FUNDACAO UNIV. FEDERAL DE UBERLANDIA,ODONTOLOGO - 40 HORAS,2,0,0,0.4,0.4
FUNDACAO UNIV. FEDERAL DE UBERLANDIA,PEDAGOGO-AREA,2,0,0,0.4,0.4
FUNDACAO UNIV. FEDERAL DE UBERLANDIA,PRODUTOR CULTURAL,1,0,0,0.2,0.2
FUNDACAO UNIV. FEDERAL DE UBERLANDIA,PROFESSOR DO MAGISTERIO SUPERIOR,93,6,0.06,18.6,12.600000000000001
FUNDACAO UNIV. FEDERAL DE UBERLANDIA,PROFESSOR ENS BASICO TECN TECNOLOGICO,13,1,0.08,2.6,1.6
FUNDACAO UNIV. FEDERAL DE UBERLANDIA,PSICOLOGO-AREA,1,1,1,0.2,-0.8
FUNDACAO UNIV. FEDERAL DE UBERLANDIA,TEC DE TECNOLOGIA DA INFORMACAO,7,1,0.14,1.4000000000000001,0.40000000000000013
FUNDACAO UNIV. FEDERAL DE UBERLANDIA,TECNICO DE LABORATORIO AREA,20,1,0.05,4,3
FUNDACAO UNIV. FEDERAL DE UBERLANDIA,TECNICO EM AGROPECUARIA,3,1,0.33,0.6000000000000001,-0.3999999999999999
FUNDACAO UNIV. FEDERAL DE UBERLANDIA,TECNICO EM ASSUNTOS EDUCACIONAIS,7,2,0.29,1.4000000000000001,-0.5999999999999999
FUNDACAO UNIV. FEDERAL DE UBERLANDIA,TECNICO EM CONTABILIDADE,5,0,0,1,1
FUNDACAO UNIV. FEDERAL DE UBERLANDIA,TECNICO EM ENFERMAGEM,25,6,0.24,5,-1
FUNDACAO UNIV. FEDERAL DE UBERLANDIA,TECNICO EM RADIOLOGIA,2,0,0,0.4,0.4
FUNDACAO UNIV. FEDERAL DE UBERLANDIA,ZOOTECNISTA,2,1,0.5,0.4,-0.6
FUNDACAO UNIVERSIDADE DE BRASILIA,ADMINISTRADOR,12,4,0.33,2.4000000000000004,-1.5999999999999996
FUNDACAO UNIVERSIDADE DE BRASILIA,ANALISTA DE TEC DA INFORMACAO,18,4,0.22,3.6,-0.3999999999999999
FUNDACAO UNIVERSIDADE DE BRASILIA,ARQUITETO E URBANISTA,3,1,0.33,0.6000000000000001,-0.3999999999999999
FUNDACAO UNIVERSIDADE DE BRASILIA,ASSISTENTE EM ADMINISTRACAO,64,15,0.23,12.8,-2.1999999999999993
FUNDACAO UNIVERSIDADE DE BRASILIA,ASSISTENTE SOCIAL,5,1,0.2,1,0
FUNDACAO UNIVERSIDADE DE BRASILIA,BIBLIOTECARIO-DOCUMENTALISTA,2,1,0.5,0.4,-0.6
FUNDACAO UNIVERSIDADE DE BRASILIA,BIOLOGO,1,0,0,0.2,0.2
FUNDACAO UNIVERSIDADE DE BRASILIA,CONTADOR,5,2,0.4,1,-1
FUNDACAO UNIVERSIDADE DE BRASILIA,ECONOMISTA,1,0,0,0.2,0.2
FUNDACAO UNIVERSIDADE DE BRASILIA,ENGENHEIRO-AREA,4,1,0.25,0.8,-0.19999999999999996
FUNDACAO UNIVERSIDADE DE BRASILIA,FARMACEUTICO,3,2,0.67,0.6000000000000001,-1.4
FUNDACAO UNIVERSIDADE DE BRASILIA,FARMACEUTICO-HABILITACAO,3,0,0,0.6000000000000001,0.6000000000000001
FUNDACAO UNIVERSIDADE DE BRASILIA,FISICO,2,0,0,0.4,0.4
FUNDACAO UNIVERSIDADE DE BRASILIA,MEDICO - PCCTAE,4,0,0,0.8,0.8
FUNDACAO UNIVERSIDADE DE BRASILIA,MEDICO VETERINARIO - PCCTAE,1,0,0,0.2,0.2
FUNDACAO UNIVERSIDADE DE BRASILIA,NUTRICIONISTA-HABILITACAO,1,0,0,0.2,0.2
FUNDACAO UNIVERSIDADE DE BRASILIA,PRODUTOR CULTURAL,1,0,0,0.2,0.2
FUNDACAO UNIVERSIDADE DE BRASILIA,PROFESSOR DO MAGISTERIO SUPERIOR,120,2,0.02,24,22
FUNDACAO UNIVERSIDADE DE BRASILIA,PROFESSOR TITULAR-LIVRE MAG SUPERIOR,1,0,0,0.2,0.2
FUNDACAO UNIVERSIDADE DE BRASILIA,PSICOLOGO-AREA,5,1,0.2,1,0
FUNDACAO UNIVERSIDADE DE BRASILIA,QUIMICO,3,1,0.33,0.6000000000000001,-0.3999999999999999
FUNDACAO UNIVERSIDADE DE BRASILIA,TEC DE TECNOLOGIA DA INFORMACAO,9,2,0.22,1.8,-0.19999999999999996
FUNDACAO UNIVERSIDADE DE BRASILIA,TECNICO DE LABORATORIO AREA,38,5,0.13,7.6000000000000005,2.6000000000000005
FUNDACAO UNIVERSIDADE DE BRASILIA,TECNICO EM ASSUNTOS EDUCACIONAIS,20,5,0.25,4,-1
FUNDACAO UNIVERSIDADE DE BRASILIA,TECNICO EM CONTABILIDADE,5,0,0,1,1
FUNDACAO UNIVERSIDADE DE BRASILIA,TECNICO EM RADIOLOGIA,1,0,0,0.2,0.2
FUNDACAO UNIVERSIDADE DE BRASILIA,TECNOLOGO-FORMACAO,3,0,0,0.6000000000000001,0.6000000000000001
FUNDACAO UNIVERSIDADE DO AMAZONAS,ADMINISTRADOR,12,1,0.08,2.4000000000000004,1.4000000000000004
FUNDACAO UNIVERSIDADE DO AMAZONAS,ANALISTA DE TEC DA INFORMACAO,6,1,0.17,1.2000000000000002,0.20000000000000018
FUNDACAO UNIVERSIDADE DO AMAZONAS,ARQUITETO E URBANISTA,4,0,0,0.8,0.8
FUNDACAO UNIVERSIDADE DO AMAZONAS,ASSISTENTE DE ALUNO,1,0,0,0.2,0.2
FUNDACAO UNIVERSIDADE DO AMAZONAS,ASSISTENTE EM ADMINISTRACAO,50,8,0.16,10,2
FUNDACAO UNIVERSIDADE DO AMAZONAS,ASSISTENTE SOCIAL,2,1,0.5,0.4,-0.6
FUNDACAO UNIVERSIDADE DO AMAZONAS,AUDITOR,3,1,0.33,0.6000000000000001,-0.3999999999999999
FUNDACAO UNIVERSIDADE DO AMAZONAS,BIBLIOTECARIO-DOCUMENTALISTA,2,0,0,0.4,0.4
FUNDACAO UNIVERSIDADE DO AMAZONAS,CONTADOR,5,1,0.2,1,0
FUNDACAO UNIVERSIDADE DO AMAZONAS,ECONOMISTA,2,0,0,0.4,0.4
FUNDACAO UNIVERSIDADE DO AMAZONAS,ENGENHEIRO DE SEG DO TRABALHO,1,0,0,0.2,0.2
FUNDACAO UNIVERSIDADE DO AMAZONAS,ENGENHEIRO-AREA,5,0,0,1,1
FUNDACAO UNIVERSIDADE DO AMAZONAS,ESTATISTICO,1,0,0,0.2,0.2
FUNDACAO UNIVERSIDADE DO AMAZONAS,FISIOTERAPEUTA,1,0,0,0.2,0.2
FUNDACAO UNIVERSIDADE DO AMAZONAS,MEDICO - PCCTAE,4,1,0.25,0.8,-0.19999999999999996
FUNDACAO UNIVERSIDADE DO AMAZONAS,MEDICO VETERINARIO - PCCTAE,1,0,0,0.2,0.2
FUNDACAO UNIVERSIDADE DO AMAZONAS,NUTRICIONISTA-HABILITACAO,1,0,0,0.2,0.2
FUNDACAO UNIVERSIDADE DO AMAZONAS,PEDAGOGO-AREA,3,0,0,0.6000000000000001,0.6000000000000001
FUNDACAO UNIVERSIDADE DO AMAZONAS,PROFESSOR DO MAGISTERIO SUPERIOR,94,4,0.04,18.8,14.8
FUNDACAO UNIVERSIDADE DO AMAZONAS,TEC DE TECNOLOGIA DA INFORMACAO,17,3,0.18,3.4000000000000004,0.40000000000000036
FUNDACAO UNIVERSIDADE DO AMAZONAS,TECNICO DE LABORATORIO AREA,11,0,0,2.2,2.2
FUNDACAO UNIVERSIDADE DO AMAZONAS,TECNICO EM AGROPECUARIA,1,0,0,0.2,0.2
FUNDACAO UNIVERSIDADE DO AMAZONAS,TECNICO EM ASSUNTOS EDUCACIONAIS,6,0,0,1.2000000000000002,1.2000000000000002
FUNDACAO UNIVERSIDADE DO AMAZONAS,TECNICO EM CONTABILIDADE,15,2,0.13,3,1
FUNDACAO UNIVERSIDADE DO AMAZONAS,TECNICO EM ENFERMAGEM,4,1,0.25,0.8,-0.19999999999999996
FUNDACAO UNIVERSIDADE DO MARANHAO,ADMINISTRADOR,4,0,0,0.8,0.8
FUNDACAO UNIVERSIDADE DO MARANHAO,ANALISTA DE TEC DA INFORMACAO,4,0,0,0.8,0.8
FUNDACAO UNIVERSIDADE DO MARANHAO,ASSISTENTE EM ADMINISTRACAO,16,0,0,3.2,3.2
FUNDACAO UNIVERSIDADE DO MARANHAO,ASSISTENTE SOCIAL,2,0,0,0.4,0.4
FUNDACAO UNIVERSIDADE DO MARANHAO,ENGENHEIRO DE SEG DO TRABALHO,1,0,0,0.2,0.2
FUNDACAO UNIVERSIDADE DO MARANHAO,ENGENHEIRO-AREA,1,0,0,0.2,0.2
FUNDACAO UNIVERSIDADE DO MARANHAO,MEDICO - PCCTAE,1,0,0,0.2,0.2
FUNDACAO UNIVERSIDADE DO MARANHAO,NUTRICIONISTA-HABILITACAO,4,0,0,0.8,0.8
FUNDACAO UNIVERSIDADE DO MARANHAO,PEDAGOGO-AREA,2,0,0,0.4,0.4
FUNDACAO UNIVERSIDADE DO MARANHAO,PROFESSOR DO MAGISTERIO SUPERIOR,107,1,0.01,21.400000000000002,20.400000000000002
FUNDACAO UNIVERSIDADE DO MARANHAO,PROFESSOR ENS BASICO TECN TECNOLOGICO,5,0,0,1,1
FUNDACAO UNIVERSIDADE DO MARANHAO,TEC DE TECNOLOGIA DA INFORMACAO,4,0,0,0.8,0.8
FUNDACAO UNIVERSIDADE DO MARANHAO,TECNICO DE LABORATORIO AREA,19,0,0,3.8000000000000003,3.8000000000000003
FUNDACAO UNIVERSIDADE DO MARANHAO,TECNICO EM AGROPECUARIA,1,0,0,0.2,0.2
FUNDACAO UNIVERSIDADE DO MARANHAO,TECNICO EM ASSUNTOS EDUCACIONAIS,11,0,0,2.2,2.2
FUNDACAO UNIVERSIDADE FED. DO TOCANTINS,ADMINISTRADOR,4,1,0.25,0.8,-0.19999999999999996
FUNDACAO UNIVERSIDADE FED. DO TOCANTINS,ANALISTA DE TEC DA INFORMACAO,6,1,0.17,1.2000000000000002,0.20000000000000018
FUNDACAO UNIVERSIDADE FED. DO TOCANTINS,ASSISTENTE EM ADMINISTRACAO,34,7,0.21,6.800000000000001,-0.1999999999999993
FUNDACAO UNIVERSIDADE FED. DO TOCANTINS,BIBLIOTECARIO-DOCUMENTALISTA,1,0,0,0.2,0.2
FUNDACAO UNIVERSIDADE FED. DO TOCANTINS,ENGENHEIRO AGRONOMO,1,0,0,0.2,0.2
FUNDACAO UNIVERSIDADE FED. DO TOCANTINS,ENGENHEIRO-AREA,2,0,0,0.4,0.4
FUNDACAO UNIVERSIDADE FED. DO TOCANTINS,PEDAGOGO-AREA,2,1,0.5,0.4,-0.6
FUNDACAO UNIVERSIDADE FED. DO TOCANTINS,PROFESSOR DO MAGISTERIO SUPERIOR,46,2,0.04,9.200000000000001,7.200000000000001
FUNDACAO UNIVERSIDADE FED. DO TOCANTINS,PSICOLOGO-AREA,1,0,0,0.2,0.2
FUNDACAO UNIVERSIDADE FED. DO TOCANTINS,TEC DE TECNOLOGIA DA INFORMACAO,11,2,0.18,2.2,0.20000000000000018
FUNDACAO UNIVERSIDADE FED. DO TOCANTINS,TECNICO DE LABORATORIO AREA,5,0,0,1,1
FUNDACAO UNIVERSIDADE FEDERAL DE PELOTAS,ADMINISTRADOR,3,0,0,0.6000000000000001,0.6000000000000001
FUNDACAO UNIVERSIDADE FEDERAL DE PELOTAS,ANALISTA DE TEC DA INFORMACAO,5,1,0.2,1,0
FUNDACAO UNIVERSIDADE FEDERAL DE PELOTAS,ARQUITETO E URBANISTA,1,1,1,0.2,-0.8
FUNDACAO UNIVERSIDADE FEDERAL DE PELOTAS,ARQUIVISTA,1,1,1,0.2,-0.8
FUNDACAO UNIVERSIDADE FEDERAL DE PELOTAS,ASSISTENTE EM ADMINISTRACAO,27,5,0.19,5.4,0.40000000000000036
FUNDACAO UNIVERSIDADE FEDERAL DE PELOTAS,ASSISTENTE SOCIAL,3,0,0,0.6000000000000001,0.6000000000000001
FUNDACAO UNIVERSIDADE FEDERAL DE PELOTAS,AUDITOR,2,0,0,0.4,0.4
FUNDACAO UNIVERSIDADE FEDERAL DE PELOTAS,BIOLOGO,1,1,1,0.2,-0.8
FUNDACAO UNIVERSIDADE FEDERAL DE PELOTAS,CONTADOR,1,0,0,0.2,0.2
FUNDACAO UNIVERSIDADE FEDERAL DE PELOTAS,ENFERMEIRO-AREA,3,1,0.33,0.6000000000000001,-0.3999999999999999
FUNDACAO UNIVERSIDADE FEDERAL DE PELOTAS,ENGENHEIRO DE SEG DO TRABALHO,1,0,0,0.2,0.2
FUNDACAO UNIVERSIDADE FEDERAL DE PELOTAS,ENGENHEIRO-AREA,2,0,0,0.4,0.4
FUNDACAO UNIVERSIDADE FEDERAL DE PELOTAS,FARMACEUTICO,2,0,0,0.4,0.4
FUNDACAO UNIVERSIDADE FEDERAL DE PELOTAS,FISIOTERAPEUTA,1,0,0,0.2,0.2
FUNDACAO UNIVERSIDADE FEDERAL DE PELOTAS,MEDICO - PCCTAE,6,0,0,1.2000000000000002,1.2000000000000002
FUNDACAO UNIVERSIDADE FEDERAL DE PELOTAS,MEDICO VETERINARIO - PCCTAE,6,2,0.33,1.2000000000000002,-0.7999999999999998
FUNDACAO UNIVERSIDADE FEDERAL DE PELOTAS,MEDICO-AREA,1,0,0,0.2,0.2
FUNDACAO UNIVERSIDADE FEDERAL DE PELOTAS,NUTRICIONISTA-HABILITACAO,1,0,0,0.2,0.2
FUNDACAO UNIVERSIDADE FEDERAL DE PELOTAS,ODONTOLOGO - 30 HORAS - DL 1445-76,3,1,0.33,0.6000000000000001,-0.3999999999999999
FUNDACAO UNIVERSIDADE FEDERAL DE PELOTAS,PEDAGOGO-AREA,3,1,0.33,0.6000000000000001,-0.3999999999999999
FUNDACAO UNIVERSIDADE FEDERAL DE PELOTAS,PRODUTOR CULTURAL,1,0,0,0.2,0.2
FUNDACAO UNIVERSIDADE FEDERAL DE PELOTAS,PROFESSOR DO MAGISTERIO SUPERIOR,74,12,0.16,14.8,2.8000000000000007
FUNDACAO UNIVERSIDADE FEDERAL DE PELOTAS,TEC DE TECNOLOGIA DA INFORMACAO,4,0,0,0.8,0.8
FUNDACAO UNIVERSIDADE FEDERAL DE PELOTAS,TECNICO DE LABORATORIO AREA,3,1,0.33,0.6000000000000001,-0.3999999999999999
FUNDACAO UNIVERSIDADE FEDERAL DE PELOTAS,TECNICO EM ASSUNTOS EDUCACIONAIS,9,2,0.22,1.8,-0.19999999999999996
FUNDACAO UNIVERSIDADE FEDERAL DE PELOTAS,TECNICO EM CONTABILIDADE,4,0,0,0.8,0.8
FUNDACAO UNIVERSIDADE FEDERAL DE PELOTAS,TECNICO EM ENFERMAGEM,4,1,0.25,0.8,-0.19999999999999996
FUNDACAO UNIVERSIDADE FEDERAL DE PELOTAS,TECNICO EM RADIOLOGIA,1,0,0,0.2,0.2
FUNDACAO UNIVERSIDADE FEDERAL DE SERGIPE,ADMINISTRADOR,3,1,0.33,0.6000000000000001,-0.3999999999999999
FUNDACAO UNIVERSIDADE FEDERAL DE SERGIPE,ANALISTA DE TEC DA INFORMACAO,3,1,0.33,0.6000000000000001,-0.3999999999999999
FUNDACAO UNIVERSIDADE FEDERAL DE SERGIPE,ARQUIVISTA,2,0,0,0.4,0.4
FUNDACAO UNIVERSIDADE FEDERAL DE SERGIPE,ASSISTENTE DE ALUNO,1,0,0,0.2,0.2
FUNDACAO UNIVERSIDADE FEDERAL DE SERGIPE,ASSISTENTE EM ADMINISTRACAO,38,8,0.21,7.6000000000000005,-0.39999999999999947
FUNDACAO UNIVERSIDADE FEDERAL DE SERGIPE,ASSISTENTE SOCIAL,1,1,1,0.2,-0.8
FUNDACAO UNIVERSIDADE FEDERAL DE SERGIPE,BIBLIOTECARIO-DOCUMENTALISTA,5,1,0.2,1,0
FUNDACAO UNIVERSIDADE FEDERAL DE SERGIPE,ECONOMISTA,1,0,0,0.2,0.2
FUNDACAO UNIVERSIDADE FEDERAL DE SERGIPE,ENGENHEIRO AGRONOMO,2,0,0,0.4,0.4
FUNDACAO UNIVERSIDADE FEDERAL DE SERGIPE,ENGENHEIRO-AREA,2,0,0,0.4,0.4
FUNDACAO UNIVERSIDADE FEDERAL DE SERGIPE,FARMACEUTICO,2,1,0.5,0.4,-0.6
FUNDACAO UNIVERSIDADE FEDERAL DE SERGIPE,FONOAUDIOLOGO,1,0,0,0.2,0.2
FUNDACAO UNIVERSIDADE FEDERAL DE SERGIPE,MEDICO - PCCTAE,8,1,0.12,1.6,0.6000000000000001
FUNDACAO UNIVERSIDADE FEDERAL DE SERGIPE,MEDICO VETERINARIO - PCCTAE,5,1,0.2,1,0
FUNDACAO UNIVERSIDADE FEDERAL DE SERGIPE,NUTRICIONISTA-HABILITACAO,6,1,0.17,1.2000000000000002,0.20000000000000018
FUNDACAO UNIVERSIDADE FEDERAL DE SERGIPE,ODONTOLOGO - 40 HORAS,1,0,0,0.2,0.2
FUNDACAO UNIVERSIDADE FEDERAL DE SERGIPE,PEDAGOGO-AREA,2,1,0.5,0.4,-0.6
FUNDACAO UNIVERSIDADE FEDERAL DE SERGIPE,PRODUTOR CULTURAL,2,0,0,0.4,0.4
FUNDACAO UNIVERSIDADE FEDERAL DE SERGIPE,PROFESSOR DO MAGISTERIO SUPERIOR,67,4,0.06,13.4,9.4
FUNDACAO UNIVERSIDADE FEDERAL DE SERGIPE,PROFESSOR ENS BASICO TECN TECNOLOGICO,1,0,0,0.2,0.2
FUNDACAO UNIVERSIDADE FEDERAL DE SERGIPE,TEC DE TECNOLOGIA DA INFORMACAO,16,3,0.19,3.2,0.20000000000000018
FUNDACAO UNIVERSIDADE FEDERAL DE SERGIPE,TECNICO DE LABORATORIO AREA,12,3,0.25,2.4000000000000004,-0.5999999999999996
FUNDACAO UNIVERSIDADE FEDERAL DE SERGIPE,TECNICO EM ASSUNTOS EDUCACIONAIS,14,3,0.21,2.8000000000000003,-0.19999999999999973
FUNDACAO UNIVERSIDADE FEDERAL DE SERGIPE,TECNICO EM CONTABILIDADE,1,0,0,0.2,0.2
FUNDACAO UNIVERSIDADE FEDERAL DE SERGIPE,TECNICO EM FARMACIA,1,0,0,0.2,0.2
FUNDACAO UNIVERSIDADE FEDERAL DE SERGIPE,TECNICO EM RADIOLOGIA,2,1,0.5,0.4,-0.6
FUNDACAO UNIVERSIDADE FEDERAL DE SERGIPE,TERAPEUTA OCUPACIONAL,1,0,0,0.2,0.2
FUNDACAO UNIVERSIDADE FEDERAL DO ABC,ANALISTA DE TEC DA INFORMACAO,2,0,0,0.4,0.4
FUNDACAO UNIVERSIDADE FEDERAL DO ABC,ASSISTENTE EM ADMINISTRACAO,27,1,0.04,5.4,4.4
FUNDACAO UNIVERSIDADE FEDERAL DO ABC,ASSISTENTE SOCIAL,1,0,0,0.2,0.2
FUNDACAO UNIVERSIDADE FEDERAL DO ABC,BIBLIOTECARIO-DOCUMENTALISTA,1,0,0,0.2,0.2
FUNDACAO UNIVERSIDADE FEDERAL DO ABC,ENGENHEIRO-AREA,1,0,0,0.2,0.2
FUNDACAO UNIVERSIDADE FEDERAL DO ABC,MEDICO - PCCTAE,2,0,0,0.4,0.4
FUNDACAO UNIVERSIDADE FEDERAL DO ABC,MEDICO VETERINARIO - PCCTAE,1,0,0,0.2,0.2
FUNDACAO UNIVERSIDADE FEDERAL DO ABC,PROFESSOR DO MAGISTERIO SUPERIOR,39,2,0.05,7.800000000000001,5.800000000000001
FUNDACAO UNIVERSIDADE FEDERAL DO ABC,TEC DE TECNOLOGIA DA INFORMACAO,4,1,0.25,0.8,-0.19999999999999996
FUNDACAO UNIVERSIDADE FEDERAL DO ABC,TECNICO DE LABORATORIO AREA,9,1,0.11,1.8,0.8
FUNDACAO UNIVERSIDADE FEDERAL DO ABC,TECNICO EM ASSUNTOS EDUCACIONAIS,2,0,0,0.4,0.4
FUNDACAO UNIVERSIDADE FEDERAL DO ABC,TECNICO EM CONTABILIDADE,1,1,1,0.2,-0.8
FUNDACAO UNIVERSIDADE FEDERAL DO PAMPA,ANALISTA DE TEC DA INFORMACAO,1,0,0,0.2,0.2
FUNDACAO UNIVERSIDADE FEDERAL DO PAMPA,PROFESSOR DO MAGISTERIO SUPERIOR,68,2,0.03,13.600000000000001,11.600000000000001
FUNDACAO UNIVERSIDADE FEDERAL DO PAMPA,PROFESSOR TITULAR-LIVRE MAG SUPERIOR,1,0,0,0.2,0.2
FUNDACAO UNIVERSIDADE FEDERAL DO PAMPA,TECNICO DE LABORATORIO AREA,2,0,0,0.4,0.4
FUNDACAO UNIVERSIDADE FEDERAL DO PAMPA,TECNICO EM CONTABILIDADE,1,0,0,0.2,0.2
FUNDACAO UNVERSIDADE FEDERAL DO AMAPA,ANALISTA DE TEC DA INFORMACAO,1,0,0,0.2,0.2
FUNDACAO UNVERSIDADE FEDERAL DO AMAPA,ASSISTENTE EM ADMINISTRACAO,16,1,0.06,3.2,2.2
FUNDACAO UNVERSIDADE FEDERAL DO AMAPA,CONTADOR,1,0,0,0.2,0.2
FUNDACAO UNVERSIDADE FEDERAL DO AMAPA,ECONOMISTA,1,0,0,0.2,0.2
FUNDACAO UNVERSIDADE FEDERAL DO AMAPA,MEDICO - PCCTAE,1,0,0,0.2,0.2
FUNDACAO UNVERSIDADE FEDERAL DO AMAPA,PROFESSOR DO MAGISTERIO SUPERIOR,17,0,0,3.4000000000000004,3.4000000000000004
FUNDACAO UNVERSIDADE FEDERAL DO AMAPA,TEC DE TECNOLOGIA DA INFORMACAO,1,0,0,0.2,0.2
FUNDACAO UNVERSIDADE FEDERAL DO AMAPA,TECNICO EM ASSUNTOS EDUCACIONAIS,2,0,0,0.4,0.4
FUNDO NACIONAL DE DESENVOLV. DA EDUCACAO,ESPECIALISTA EM FINANCIAMENTO E EXECUCAO,95,20,0.21,19,-1
GOVERNO DO EX-TERRITORIO DO AMAPA,SOLDADO 1 CLASSE,1,0,0,0.2,0.2
HOSPITAL DE CLINICAS DE PORTO ALEGRE,ADVOGADO I,2,0,0,0.4,0.4
HOSPITAL DE CLINICAS DE PORTO ALEGRE,ANALISTA DE SISTEMAS II,2,0,0,0.4,0.4
HOSPITAL DE CLINICAS DE PORTO ALEGRE,ANALISTA DE TI I,4,1,0.25,0.8,-0.19999999999999996
HOSPITAL DE CLINICAS DE PORTO ALEGRE,ANALISTA I,35,3,0.09,7,4
HOSPITAL DE CLINICAS DE PORTO ALEGRE,ARQUITETO I,1,0,0,0.2,0.2
HOSPITAL DE CLINICAS DE PORTO ALEGRE,ASSISTENTE ADMINISTRATIVO I,13,2,0.15,2.6,0.6000000000000001
HOSPITAL DE CLINICAS DE PORTO ALEGRE,ASSISTENTE ADMINISTRATIVO II,138,22,0.16,27.6,5.600000000000001
HOSPITAL DE CLINICAS DE PORTO ALEGRE,ASSISTENTE I,2,0,0,0.4,0.4
HOSPITAL DE CLINICAS DE PORTO ALEGRE,ASSISTENTE SOCIAL,14,2,0.14,2.8000000000000003,0.8000000000000003
HOSPITAL DE CLINICAS DE PORTO ALEGRE,BIOMEDICO I,19,1,0.05,3.8000000000000003,2.8000000000000003
HOSPITAL DE CLINICAS DE PORTO ALEGRE,ENFERMEIRO I,193,21,0.11,38.6,17.6
HOSPITAL DE CLINICAS DE PORTO ALEGRE,ENGENHEIRO I,6,0,0,1.2000000000000002,1.2000000000000002
HOSPITAL DE CLINICAS DE PORTO ALEGRE,FARMACEUTICO-BIOQUIMICO I,26,2,0.08,5.2,3.2
HOSPITAL DE CLINICAS DE PORTO ALEGRE,FISICO I,2,0,0,0.4,0.4
HOSPITAL DE CLINICAS DE PORTO ALEGRE,FISIOTERAPEUTA I,46,5,0.11,9.200000000000001,4.200000000000001
HOSPITAL DE CLINICAS DE PORTO ALEGRE,FONOAUDIOLOGO I,9,1,0.11,1.8,0.8
HOSPITAL DE CLINICAS DE PORTO ALEGRE,JORNALISTA I,1,0,0,0.2,0.2
HOSPITAL DE CLINICAS DE PORTO ALEGRE,MEDICO I,156,0,0,31.200000000000003,31.200000000000003
HOSPITAL DE CLINICAS DE PORTO ALEGRE,MEDICO I - 24HORAS,1,0,0,0.2,0.2
HOSPITAL DE CLINICAS DE PORTO ALEGRE,NUTRICIONISTA I,13,2,0.15,2.6,0.6000000000000001
HOSPITAL DE CLINICAS DE PORTO ALEGRE,ODONTOLOGO I - 40 HORAS,1,0,0,0.2,0.2
HOSPITAL DE CLINICAS DE PORTO ALEGRE,PEDAGOGO I,2,0,0,0.4,0.4
HOSPITAL DE CLINICAS DE PORTO ALEGRE,PESQUISADOR I,2,0,0,0.4,0.4
HOSPITAL DE CLINICAS DE PORTO ALEGRE,PROF DE SERV ASSISTENCIAIS III,37,7,0.19,7.4,0.40000000000000036
HOSPITAL DE CLINICAS DE PORTO ALEGRE,PROFISSIONAL ASSISTENCIAL II,12,3,0.25,2.4000000000000004,-0.5999999999999996
HOSPITAL DE CLINICAS DE PORTO ALEGRE,PROFISSIONAL ASSISTENCIAL III,36,2,0.06,7.2,5.2
HOSPITAL DE CLINICAS DE PORTO ALEGRE,PROFISSIONAL DE APOIO I,263,38,0.14,52.6,14.600000000000001
HOSPITAL DE CLINICAS DE PORTO ALEGRE,PROFISSIONAL DE APOIO II,104,16,0.15,20.8,4.800000000000001
HOSPITAL DE CLINICAS DE PORTO ALEGRE,PROFISSIONAL DE APOIO III,17,0,0,3.4000000000000004,3.4000000000000004
HOSPITAL DE CLINICAS DE PORTO ALEGRE,PROFISSIONAL DE EDUCACAO FISICA I,3,1,0.33,0.6000000000000001,-0.3999999999999999
HOSPITAL DE CLINICAS DE PORTO ALEGRE,PSICOLOGO I,8,2,0.25,1.6,-0.3999999999999999
HOSPITAL DE CLINICAS DE PORTO ALEGRE,RELACOES PUBLICAS I,1,0,0,0.2,0.2
HOSPITAL DE CLINICAS DE PORTO ALEGRE,TEC DE MANUTENCAO III,19,1,0.05,3.8000000000000003,2.8000000000000003
HOSPITAL DE CLINICAS DE PORTO ALEGRE,TECNICO DE ENFERMAGEM,2,0,0,0.4,0.4
HOSPITAL DE CLINICAS DE PORTO ALEGRE,TECNICO DE ENFERMAGEM I,1,0,0,0.2,0.2
HOSPITAL DE CLINICAS DE PORTO ALEGRE,TECNICO DE ENFERMAGEM III,581,94,0.16,116.2,22.200000000000003
HOSPITAL DE CLINICAS DE PORTO ALEGRE,TECNICO DE LABORATORIO,1,0,0,0.2,0.2
HOSPITAL DE CLINICAS DE PORTO ALEGRE,TECNICO DE MANUTENCAO I,2,0,0,0.4,0.4
HOSPITAL DE CLINICAS DE PORTO ALEGRE,TECNICO DE MANUTENCAO II,1,0,0,0.2,0.2
HOSPITAL DE CLINICAS DE PORTO ALEGRE,TECNICO DE SEGURANCA DO TRABALHO,3,0,0,0.6000000000000001,0.6000000000000001
HOSPITAL DE CLINICAS DE PORTO ALEGRE,TECNICO EM NUTRICAO E DIETETICA,15,2,0.13,3,1
HOSPITAL DE CLINICAS DE PORTO ALEGRE,TECNICO EM RADIOLOGIA,19,3,0.16,3.8000000000000003,0.8000000000000003
HOSPITAL DE CLINICAS DE PORTO ALEGRE,TECNICO EM SECRETARIADO,4,0,0,0.8,0.8
HOSPITAL DE CLINICAS DE PORTO ALEGRE,TERAPEUTA OCUPACIONAL I,5,0,0,1,1
HOSPITAL DE CLINICAS DE PORTO ALEGRE,VETERINARIO I,1,0,0,0.2,0.2
HOSPITAL DE CLINICAS DE PORTO ALEGRE,NA,2,0,0,0.4,0.4
INST NAC DE TECN DA INFORMACAO,NA,1,0,0,0.2,0.2
INST. BR. MEIO AMB. REC. NAT. RENOVAVEIS,ANALISTA ADMINISTRATIVO,123,16,0.13,24.6,8.600000000000001
INST. BR. MEIO AMB. REC. NAT. RENOVAVEIS,ANALISTA AMBIENTAL,329,30,0.09,65.8,35.8
INST. BR. MEIO AMB. REC. NAT. RENOVAVEIS,TECNICO AMBIENTAL,127,2,0.02,25.400000000000002,23.400000000000002
"INST.NAC.METROLOGIA,NORM.E QUAL.INDL.",ANALISTA EXEC EM METROLOGIA E QUALIDADE,35,8,0.23,7,-1
"INST.NAC.METROLOGIA,NORM.E QUAL.INDL.",PESQUISADOR TECN METROL QUALID,54,12,0.22,10.8,-1.1999999999999993
INST.NACIONAL DE EST.E PESQ.EDUCACIONAIS,PESQ TECNOLOGISTA EM INFORMACOES,33,7,0.21,6.6000000000000005,-0.39999999999999947
INSTITUTO CHICO MENDES CONSERV.BIODIVER.,ANALISTA ADMINISTRATIVO,115,22,0.19,23,1
INSTITUTO CHICO MENDES CONSERV.BIODIVER.,ANALISTA AMBIENTAL,231,43,0.19,46.2,3.200000000000003
INSTITUTO CHICO MENDES CONSERV.BIODIVER.,TECNICO ADMINISTRATIVO,1,0,0,0.2,0.2
INSTITUTO CHICO MENDES CONSERV.BIODIVER.,TECNICO AMBIENTAL,4,0,0,0.8,0.8
INSTITUTO DE PESQ. JARDIM BOTANICO DO RJ,ANALISTA EM CIENCIA E TECNOLOGIA,11,1,0.09,2.2,1.2000000000000002
INSTITUTO DE PESQ. JARDIM BOTANICO DO RJ,PESQUISADOR,5,0,0,1,1
INSTITUTO DE PESQ. JARDIM BOTANICO DO RJ,TECNOLOGISTA,4,1,0.25,0.8,-0.19999999999999996
INSTITUTO DE PESQUISA ECONOMICA APLICADA,TECNICO DE PLANEJAMENTO E PESQUISA,88,18,0.2,17.6,-0.3999999999999986
INSTITUTO DO PATR.HIST.E ART. NACIONAL,ANALISTA I,28,11,0.39,5.6000000000000005,-5.3999999999999995
INSTITUTO DO PATR.HIST.E ART. NACIONAL,AUXILIAR INSTITUCIONAL I,30,6,0.2,6,0
INSTITUTO DO PATR.HIST.E ART. NACIONAL,PROFESSOR DO MAGISTERIO SUPERIOR,1,0,0,0.2,0.2
INSTITUTO DO PATR.HIST.E ART. NACIONAL,TECNICO I,42,8,0.19,8.4,0.40000000000000036
INSTITUTO FED. DO NORTE DE MINAS GERAIS,ADMINISTRADOR,1,1,1,0.2,-0.8
INSTITUTO FED. DO NORTE DE MINAS GERAIS,ASSISTENTE EM ADMINISTRACAO,6,1,0.17,1.2000000000000002,0.20000000000000018
INSTITUTO FED. DO NORTE DE MINAS GERAIS,BIBLIOTECARIO-DOCUMENTALISTA,1,0,0,0.2,0.2
INSTITUTO FED. DO NORTE DE MINAS GERAIS,CONTADOR,1,0,0,0.2,0.2
INSTITUTO FED. DO NORTE DE MINAS GERAIS,ENGENHEIRO-AREA,1,0,0,0.2,0.2
INSTITUTO FED. DO NORTE DE MINAS GERAIS,NUTRICIONISTA-HABILITACAO,1,0,0,0.2,0.2
INSTITUTO FED. DO NORTE DE MINAS GERAIS,ODONTOLOGO - 40 HORAS,1,0,0,0.2,0.2
INSTITUTO FED. DO NORTE DE MINAS GERAIS,PEDAGOGO-AREA,2,2,1,0.4,-1.6
INSTITUTO FED. DO NORTE DE MINAS GERAIS,PROFESSOR ENS BASICO TECN TECNOLOGICO,64,10,0.16,12.8,2.8000000000000007
INSTITUTO FED. DO NORTE DE MINAS GERAIS,PSICOLOGO-AREA,1,0,0,0.2,0.2
INSTITUTO FED. DO NORTE DE MINAS GERAIS,TEC DE TECNOLOGIA DA INFORMACAO,1,0,0,0.2,0.2
INSTITUTO FED. DO NORTE DE MINAS GERAIS,TECNICO DE LABORATORIO AREA,3,0,0,0.6000000000000001,0.6000000000000001
INSTITUTO FED. DO NORTE DE MINAS GERAIS,TECNICO EM ASSUNTOS EDUCACIONAIS,3,0,0,0.6000000000000001,0.6000000000000001
INSTITUTO FED.DO SUDESTE DE MINAS GERAIS,ANALISTA DE TEC DA INFORMACAO,1,0,0,0.2,0.2
INSTITUTO FED.DO SUDESTE DE MINAS GERAIS,ASSISTENTE DE ALUNO,2,1,0.5,0.4,-0.6
INSTITUTO FED.DO SUDESTE DE MINAS GERAIS,ASSISTENTE EM ADMINISTRACAO,2,0,0,0.4,0.4
INSTITUTO FED.DO SUDESTE DE MINAS GERAIS,MUSICO,1,1,1,0.2,-0.8
INSTITUTO FED.DO SUDESTE DE MINAS GERAIS,PROFESSOR ENS BASICO TECN TECNOLOGICO,23,4,0.17,4.6000000000000005,0.6000000000000005
INSTITUTO FED.DO SUDESTE DE MINAS GERAIS,TEC DE TECNOLOGIA DA INFORMACAO,3,0,0,0.6000000000000001,0.6000000000000001
INSTITUTO FED.DO SUDESTE DE MINAS GERAIS,TECNICO DE LABORATORIO AREA,1,0,0,0.2,0.2
INSTITUTO FED.DO SUDESTE DE MINAS GERAIS,TECNICO EM AGROPECUARIA,1,0,0,0.2,0.2
INSTITUTO FED.DO SUDESTE DE MINAS GERAIS,TECNICO EM CONTABILIDADE,1,0,0,0.2,0.2
INSTITUTO FEDERAL BAIANO,ADMINISTRADOR,1,1,1,0.2,-0.8
INSTITUTO FEDERAL BAIANO,ANALISTA DE TEC DA INFORMACAO,6,1,0.17,1.2000000000000002,0.20000000000000018
INSTITUTO FEDERAL BAIANO,ASSISTENTE DE ALUNO,8,1,0.12,1.6,0.6000000000000001
INSTITUTO FEDERAL BAIANO,ASSISTENTE EM ADMINISTRACAO,24,6,0.25,4.800000000000001,-1.1999999999999993
INSTITUTO FEDERAL BAIANO,ASSISTENTE SOCIAL,2,1,0.5,0.4,-0.6
INSTITUTO FEDERAL BAIANO,CONTADOR,1,1,1,0.2,-0.8
INSTITUTO FEDERAL BAIANO,ENFERMEIRO-AREA,2,0,0,0.4,0.4
INSTITUTO FEDERAL BAIANO,ENGENHEIRO-AREA,4,1,0.25,0.8,-0.19999999999999996
INSTITUTO FEDERAL BAIANO,MEDICO VETERINARIO - PCCTAE,1,0,0,0.2,0.2
INSTITUTO FEDERAL BAIANO,PEDAGOGO-AREA,1,0,0,0.2,0.2
INSTITUTO FEDERAL BAIANO,PROFESSOR ENS BASICO TECN TECNOLOGICO,122,29,0.24,24.400000000000002,-4.599999999999998
INSTITUTO FEDERAL BAIANO,TEC DE TECNOLOGIA DA INFORMACAO,10,2,0.2,2,0
INSTITUTO FEDERAL BAIANO,TECNICO DE LABORATORIO AREA,4,1,0.25,0.8,-0.19999999999999996
INSTITUTO FEDERAL BAIANO,TECNICO EM AGROPECUARIA,2,0,0,0.4,0.4
INSTITUTO FEDERAL BAIANO,TECNICO EM CONTABILIDADE,5,1,0.2,1,0
INSTITUTO FEDERAL BAIANO,TECNICO EM ENFERMAGEM,3,0,0,0.6000000000000001,0.6000000000000001
INSTITUTO FEDERAL BAIANO,TECNOLOGO-FORMACAO,2,0,0,0.4,0.4
INSTITUTO FEDERAL CATARINENSE,ADMINISTRADOR,2,0,0,0.4,0.4
INSTITUTO FEDERAL CATARINENSE,ANALISTA DE TEC DA INFORMACAO,2,1,0.5,0.4,-0.6
INSTITUTO FEDERAL CATARINENSE,ASSISTENTE DE ALUNO,5,1,0.2,1,0
INSTITUTO FEDERAL CATARINENSE,ASSISTENTE EM ADMINISTRACAO,4,1,0.25,0.8,-0.19999999999999996
INSTITUTO FEDERAL CATARINENSE,ASSISTENTE SOCIAL,2,1,0.5,0.4,-0.6
INSTITUTO FEDERAL CATARINENSE,ENFERMEIRO-AREA,2,0,0,0.4,0.4
INSTITUTO FEDERAL CATARINENSE,MEDICO VETERINARIO - PCCTAE,3,1,0.33,0.6000000000000001,-0.3999999999999999
INSTITUTO FEDERAL CATARINENSE,PEDAGOGO-AREA,2,0,0,0.4,0.4
INSTITUTO FEDERAL CATARINENSE,PROFESSOR ENS BASICO TECN TECNOLOGICO,40,5,0.12,8,3
INSTITUTO FEDERAL CATARINENSE,TEC DE TECNOLOGIA DA INFORMACAO,2,0,0,0.4,0.4
INSTITUTO FEDERAL CATARINENSE,TECNICO DE LABORATORIO AREA,7,0,0,1.4000000000000001,1.4000000000000001
INSTITUTO FEDERAL CATARINENSE,TECNICO EM AGROPECUARIA,1,0,0,0.2,0.2
INSTITUTO FEDERAL CATARINENSE,TECNOLOGO-FORMACAO,2,0,0,0.4,0.4
INSTITUTO FEDERAL DA BAHIA,ADMINISTRADOR,2,0,0,0.4,0.4
INSTITUTO FEDERAL DA BAHIA,ANALISTA DE TEC DA INFORMACAO,1,0,0,0.2,0.2
INSTITUTO FEDERAL DA BAHIA,ARQUIVISTA,1,0,0,0.2,0.2
INSTITUTO FEDERAL DA BAHIA,ASSISTENTE DE ALUNO,11,1,0.09,2.2,1.2000000000000002
INSTITUTO FEDERAL DA BAHIA,ASSISTENTE EM ADMINISTRACAO,51,7,0.14,10.200000000000001,3.200000000000001
INSTITUTO FEDERAL DA BAHIA,ASSISTENTE SOCIAL,1,0,0,0.2,0.2
INSTITUTO FEDERAL DA BAHIA,BIBLIOTECARIO-DOCUMENTALISTA,2,0,0,0.4,0.4
INSTITUTO FEDERAL DA BAHIA,ENGENHEIRO-AREA,2,0,0,0.4,0.4
INSTITUTO FEDERAL DA BAHIA,NUTRICIONISTA-HABILITACAO,1,1,1,0.2,-0.8
INSTITUTO FEDERAL DA BAHIA,PEDAGOGO-AREA,1,1,1,0.2,-0.8
INSTITUTO FEDERAL DA BAHIA,PROFESSOR ENS BASICO TECN TECNOLOGICO,206,13,0.06,41.2,28.200000000000003
INSTITUTO FEDERAL DA BAHIA,TEC DE TECNOLOGIA DA INFORMACAO,9,2,0.22,1.8,-0.19999999999999996
INSTITUTO FEDERAL DA BAHIA,TECNICO DE LABORATORIO AREA,9,1,0.11,1.8,0.8
INSTITUTO FEDERAL DA BAHIA,TECNICO EM ASSUNTOS EDUCACIONAIS,8,2,0.25,1.6,-0.3999999999999999
INSTITUTO FEDERAL DA BAHIA,TECNICO EM CONTABILIDADE,3,1,0.33,0.6000000000000001,-0.3999999999999999
INSTITUTO FEDERAL DA PARAIBA,ASSISTENTE DE ALUNO,1,1,1,0.2,-0.8
INSTITUTO FEDERAL DA PARAIBA,PROFESSOR ENS BASICO TECN TECNOLOGICO,3,0,0,0.6000000000000001,0.6000000000000001
INSTITUTO FEDERAL DA PARAIBA,TECNICO DE LABORATORIO AREA,1,0,0,0.2,0.2
INSTITUTO FEDERAL DE ALAGOAS,ADMINISTRADOR,1,0,0,0.2,0.2
INSTITUTO FEDERAL DE ALAGOAS,ASSISTENTE DE ALUNO,1,0,0,0.2,0.2
INSTITUTO FEDERAL DE ALAGOAS,ASSISTENTE EM ADMINISTRACAO,13,2,0.15,2.6,0.6000000000000001
INSTITUTO FEDERAL DE ALAGOAS,ASSISTENTE SOCIAL,1,0,0,0.2,0.2
INSTITUTO FEDERAL DE ALAGOAS,BIBLIOTECARIO-DOCUMENTALISTA,1,0,0,0.2,0.2
INSTITUTO FEDERAL DE ALAGOAS,ENGENHEIRO-AREA,1,0,0,0.2,0.2
INSTITUTO FEDERAL DE ALAGOAS,PROFESSOR ENS BASICO TECN TECNOLOGICO,47,5,0.11,9.4,4.4
INSTITUTO FEDERAL DE ALAGOAS,TECNICO EM AGROPECUARIA,2,1,0.5,0.4,-0.6
INSTITUTO FEDERAL DE ALAGOAS,TECNICO EM CONTABILIDADE,1,0,0,0.2,0.2
INSTITUTO FEDERAL DE ALAGOAS,TECNICO EM ENFERMAGEM,1,1,1,0.2,-0.8
INSTITUTO FEDERAL DE BRASILIA,ASSISTENTE DE ALUNO,3,0,0,0.6000000000000001,0.6000000000000001
INSTITUTO FEDERAL DE BRASILIA,ASSISTENTE EM ADMINISTRACAO,10,2,0.2,2,0
INSTITUTO FEDERAL DE BRASILIA,BIBLIOTECARIO-DOCUMENTALISTA,1,0,0,0.2,0.2
INSTITUTO FEDERAL DE BRASILIA,PROFESSOR ENS BASICO TECN TECNOLOGICO,6,0,0,1.2000000000000002,1.2000000000000002
INSTITUTO FEDERAL DE BRASILIA,TECNICO DE LABORATORIO AREA,7,1,0.14,1.4000000000000001,0.40000000000000013
INSTITUTO FEDERAL DE GOIAS,ADMINISTRADOR,1,1,1,0.2,-0.8
INSTITUTO FEDERAL DE GOIAS,ANALISTA DE TEC DA INFORMACAO,3,0,0,0.6000000000000001,0.6000000000000001
INSTITUTO FEDERAL DE GOIAS,ASSISTENTE EM ADMINISTRACAO,15,0,0,3,3
INSTITUTO FEDERAL DE GOIAS,ASSISTENTE SOCIAL,1,0,0,0.2,0.2
INSTITUTO FEDERAL DE GOIAS,BIBLIOTECARIO-DOCUMENTALISTA,3,0,0,0.6000000000000001,0.6000000000000001
INSTITUTO FEDERAL DE GOIAS,CONTADOR,4,1,0.25,0.8,-0.19999999999999996
INSTITUTO FEDERAL DE GOIAS,ENGENHEIRO-AREA,1,0,0,0.2,0.2
INSTITUTO FEDERAL DE GOIAS,PROFESSOR ENS BASICO TECN TECNOLOGICO,31,1,0.03,6.2,5.2
INSTITUTO FEDERAL DE GOIAS,PSICOLOGO-AREA,1,0,0,0.2,0.2
INSTITUTO FEDERAL DE GOIAS,TEC DE TECNOLOGIA DA INFORMACAO,4,0,0,0.8,0.8
INSTITUTO FEDERAL DE GOIAS,TECNICO DE LABORATORIO AREA,3,0,0,0.6000000000000001,0.6000000000000001
INSTITUTO FEDERAL DE GOIAS,TECNICO EM ASSUNTOS EDUCACIONAIS,4,1,0.25,0.8,-0.19999999999999996
INSTITUTO FEDERAL DE GOIAS,TECNICO EM CONTABILIDADE,1,0,0,0.2,0.2
INSTITUTO FEDERAL DE MATO GROSSO,ADMINISTRADOR,3,1,0.33,0.6000000000000001,-0.3999999999999999
INSTITUTO FEDERAL DE MATO GROSSO,ANALISTA DE TEC DA INFORMACAO,1,0,0,0.2,0.2
INSTITUTO FEDERAL DE MATO GROSSO,ASSISTENTE DE ALUNO,12,1,0.08,2.4000000000000004,1.4000000000000004
INSTITUTO FEDERAL DE MATO GROSSO,ASSISTENTE EM ADMINISTRACAO,25,4,0.16,5,1
INSTITUTO FEDERAL DE MATO GROSSO,BIBLIOTECARIO-DOCUMENTALISTA,1,0,0,0.2,0.2
INSTITUTO FEDERAL DE MATO GROSSO,ENGENHEIRO AGRONOMO,1,1,1,0.2,-0.8
INSTITUTO FEDERAL DE MATO GROSSO,MEDICO - PCCTAE,1,0,0,0.2,0.2
INSTITUTO FEDERAL DE MATO GROSSO,PEDAGOGO-AREA,1,1,1,0.2,-0.8
INSTITUTO FEDERAL DE MATO GROSSO,PROFESSOR ENS BASICO TECN TECNOLOGICO,166,29,0.17,33.2,4.200000000000003
INSTITUTO FEDERAL DE MATO GROSSO,PSICOLOGO-AREA,1,0,0,0.2,0.2
INSTITUTO FEDERAL DE MATO GROSSO,TEC DE TECNOLOGIA DA INFORMACAO,4,0,0,0.8,0.8
INSTITUTO FEDERAL DE MATO GROSSO,TECNICO DE LABORATORIO AREA,3,0,0,0.6000000000000001,0.6000000000000001
INSTITUTO FEDERAL DE MATO GROSSO,TECNICO EM AGROPECUARIA,3,3,1,0.6000000000000001,-2.4
INSTITUTO FEDERAL DE MATO GROSSO,TECNICO EM ASSUNTOS EDUCACIONAIS,4,0,0,0.8,0.8
INSTITUTO FEDERAL DE MATO GROSSO,TECNOLOGO-FORMACAO,2,1,0.5,0.4,-0.6
INSTITUTO FEDERAL DE MATO GROSSO DO SUL,ANALISTA DE TEC DA INFORMACAO,3,0,0,0.6000000000000001,0.6000000000000001
INSTITUTO FEDERAL DE MATO GROSSO DO SUL,ASSISTENTE DE ALUNO,3,1,0.33,0.6000000000000001,-0.3999999999999999
INSTITUTO FEDERAL DE MATO GROSSO DO SUL,ASSISTENTE EM ADMINISTRACAO,5,1,0.2,1,0
INSTITUTO FEDERAL DE MATO GROSSO DO SUL,BIBLIOTECARIO-DOCUMENTALISTA,1,0,0,0.2,0.2
INSTITUTO FEDERAL DE MATO GROSSO DO SUL,ENFERMEIRO-AREA,1,0,0,0.2,0.2
INSTITUTO FEDERAL DE MATO GROSSO DO SUL,MEDICO - PCCTAE,1,0,0,0.2,0.2
INSTITUTO FEDERAL DE MATO GROSSO DO SUL,NUTRICIONISTA-HABILITACAO,1,0,0,0.2,0.2
INSTITUTO FEDERAL DE MATO GROSSO DO SUL,PROFESSOR ENS BASICO TECN TECNOLOGICO,40,7,0.17,8,1
INSTITUTO FEDERAL DE MATO GROSSO DO SUL,TEC DE TECNOLOGIA DA INFORMACAO,6,0,0,1.2000000000000002,1.2000000000000002
INSTITUTO FEDERAL DE MATO GROSSO DO SUL,TECNICO DE LABORATORIO AREA,14,2,0.14,2.8000000000000003,0.8000000000000003
INSTITUTO FEDERAL DE MATO GROSSO DO SUL,TECNICO EM AGROPECUARIA,2,0,0,0.4,0.4
INSTITUTO FEDERAL DE MATO GROSSO DO SUL,TECNICO EM ASSUNTOS EDUCACIONAIS,2,1,0.5,0.4,-0.6
INSTITUTO FEDERAL DE MATO GROSSO DO SUL,TECNICO EM CONTABILIDADE,2,0,0,0.4,0.4
INSTITUTO FEDERAL DE MATO GROSSO DO SUL,TECNOLOGO-FORMACAO,2,0,0,0.4,0.4
INSTITUTO FEDERAL DE MINAS GERAIS,ASSISTENTE DE ALUNO,2,1,0.5,0.4,-0.6
INSTITUTO FEDERAL DE MINAS GERAIS,ASSISTENTE EM ADMINISTRACAO,9,1,0.11,1.8,0.8
INSTITUTO FEDERAL DE MINAS GERAIS,ASSISTENTE SOCIAL,1,0,0,0.2,0.2
INSTITUTO FEDERAL DE MINAS GERAIS,BIBLIOTECARIO-DOCUMENTALISTA,2,0,0,0.4,0.4
INSTITUTO FEDERAL DE MINAS GERAIS,PEDAGOGO-AREA,2,1,0.5,0.4,-0.6
INSTITUTO FEDERAL DE MINAS GERAIS,PROFESSOR ENS BASICO TECN TECNOLOGICO,71,5,0.07,14.200000000000001,9.200000000000001
INSTITUTO FEDERAL DE MINAS GERAIS,TEC DE TECNOLOGIA DA INFORMACAO,6,1,0.17,1.2000000000000002,0.20000000000000018
INSTITUTO FEDERAL DE MINAS GERAIS,TECNICO DE LABORATORIO AREA,6,1,0.17,1.2000000000000002,0.20000000000000018
INSTITUTO FEDERAL DE MINAS GERAIS,TECNICO EM ASSUNTOS EDUCACIONAIS,1,0,0,0.2,0.2
INSTITUTO FEDERAL DE MINAS GERAIS,TECNICO EM CONTABILIDADE,5,1,0.2,1,0
INSTITUTO FEDERAL DE MINAS GERAIS,TECNICO EM ENFERMAGEM,1,0,0,0.2,0.2
INSTITUTO FEDERAL DE PERNAMBUCO,PEDAGOGO-AREA,1,0,0,0.2,0.2
INSTITUTO FEDERAL DE PERNAMBUCO,PROFESSOR ENS BASICO TECN TECNOLOGICO,18,2,0.11,3.6,1.6
INSTITUTO FEDERAL DE PERNAMBUCO,TECNICO DE LABORATORIO AREA,2,0,0,0.4,0.4
INSTITUTO FEDERAL DE PERNAMBUCO,TECNICO EM ASSUNTOS EDUCACIONAIS,1,0,0,0.2,0.2
INSTITUTO FEDERAL DE RONDONIA,ANALISTA DE TEC DA INFORMACAO,3,1,0.33,0.6000000000000001,-0.3999999999999999
INSTITUTO FEDERAL DE RONDONIA,ASSISTENTE DE ALUNO,7,1,0.14,1.4000000000000001,0.40000000000000013
INSTITUTO FEDERAL DE RONDONIA,ASSISTENTE EM ADMINISTRACAO,8,1,0.12,1.6,0.6000000000000001
INSTITUTO FEDERAL DE RONDONIA,ASSISTENTE SOCIAL,2,0,0,0.4,0.4
INSTITUTO FEDERAL DE RONDONIA,ENFERMEIRO-AREA,2,0,0,0.4,0.4
INSTITUTO FEDERAL DE RONDONIA,ENGENHEIRO-AREA,1,0,0,0.2,0.2
INSTITUTO FEDERAL DE RONDONIA,MEDICO VETERINARIO - PCCTAE,1,1,1,0.2,-0.8
INSTITUTO FEDERAL DE RONDONIA,PROCURADOR FEDERAL,1,0,0,0.2,0.2
INSTITUTO FEDERAL DE RONDONIA,PROFESSOR ENS BASICO TECN TECNOLOGICO,78,9,0.12,15.600000000000001,6.600000000000001
INSTITUTO FEDERAL DE RONDONIA,PSICOLOGO-AREA,3,0,0,0.6000000000000001,0.6000000000000001
INSTITUTO FEDERAL DE RONDONIA,TEC DE TECNOLOGIA DA INFORMACAO,1,0,0,0.2,0.2
INSTITUTO FEDERAL DE RONDONIA,TECNICO DE LABORATORIO AREA,10,0,0,2,2
INSTITUTO FEDERAL DE RONDONIA,TECNICO EM AGROPECUARIA,7,1,0.14,1.4000000000000001,0.40000000000000013
INSTITUTO FEDERAL DE RONDONIA,TECNICO EM ASSUNTOS EDUCACIONAIS,2,0,0,0.4,0.4
INSTITUTO FEDERAL DE RONDONIA,TECNICO EM ENFERMAGEM,1,0,0,0.2,0.2
INSTITUTO FEDERAL DE RONDONIA,TECNOLOGO-FORMACAO,1,1,1,0.2,-0.8
INSTITUTO FEDERAL DE RORAIMA,ARQUIVISTA,1,0,0,0.2,0.2
INSTITUTO FEDERAL DE RORAIMA,ASSISTENTE DE ALUNO,4,2,0.5,0.8,-1.2
INSTITUTO FEDERAL DE RORAIMA,ASSISTENTE EM ADMINISTRACAO,19,3,0.16,3.8000000000000003,0.8000000000000003
INSTITUTO FEDERAL DE RORAIMA,BIBLIOTECARIO-DOCUMENTALISTA,3,0,0,0.6000000000000001,0.6000000000000001
INSTITUTO FEDERAL DE RORAIMA,ENFERMEIRO-AREA,2,0,0,0.4,0.4
INSTITUTO FEDERAL DE RORAIMA,NUTRICIONISTA-HABILITACAO,2,0,0,0.4,0.4
INSTITUTO FEDERAL DE RORAIMA,PEDAGOGO-AREA,1,0,0,0.2,0.2
INSTITUTO FEDERAL DE RORAIMA,PROCURADOR FEDERAL,1,0,0,0.2,0.2
INSTITUTO FEDERAL DE RORAIMA,PROFESSOR ENS BASICO TECN TECNOLOGICO,33,5,0.15,6.6000000000000005,1.6000000000000005
INSTITUTO FEDERAL DE RORAIMA,PSICOLOGO-AREA,1,0,0,0.2,0.2
INSTITUTO FEDERAL DE RORAIMA,TEC DE TECNOLOGIA DA INFORMACAO,4,1,0.25,0.8,-0.19999999999999996
INSTITUTO FEDERAL DE RORAIMA,TECNICO DE LABORATORIO AREA,3,1,0.33,0.6000000000000001,-0.3999999999999999
INSTITUTO FEDERAL DE RORAIMA,TECNICO EM AGROPECUARIA,2,1,0.5,0.4,-0.6
INSTITUTO FEDERAL DE RORAIMA,TECNICO EM ASSUNTOS EDUCACIONAIS,3,1,0.33,0.6000000000000001,-0.3999999999999999
INSTITUTO FEDERAL DE RORAIMA,TECNOLOGO-FORMACAO,4,0,0,0.8,0.8
INSTITUTO FEDERAL DE SANTA CATARINA,ADMINISTRADOR,1,1,1,0.2,-0.8
INSTITUTO FEDERAL DE SANTA CATARINA,ANALISTA DE TEC DA INFORMACAO,1,0,0,0.2,0.2
INSTITUTO FEDERAL DE SANTA CATARINA,ASSISTENTE DE ALUNO,5,2,0.4,1,-1
INSTITUTO FEDERAL DE SANTA CATARINA,ASSISTENTE EM ADMINISTRACAO,21,4,0.19,4.2,0.20000000000000018
INSTITUTO FEDERAL DE SANTA CATARINA,ASSISTENTE SOCIAL,1,0,0,0.2,0.2
INSTITUTO FEDERAL DE SANTA CATARINA,BIBLIOTECARIO-DOCUMENTALISTA,2,0,0,0.4,0.4
INSTITUTO FEDERAL DE SANTA CATARINA,ENGENHEIRO-AREA,1,0,0,0.2,0.2
INSTITUTO FEDERAL DE SANTA CATARINA,PEDAGOGO-AREA,2,0,0,0.4,0.4
INSTITUTO FEDERAL DE SANTA CATARINA,PROFESSOR ENS BASICO TECN TECNOLOGICO,112,12,0.11,22.400000000000002,10.400000000000002
INSTITUTO FEDERAL DE SANTA CATARINA,PSICOLOGO-AREA,1,1,1,0.2,-0.8
INSTITUTO FEDERAL DE SANTA CATARINA,TEC DE TECNOLOGIA DA INFORMACAO,7,1,0.14,1.4000000000000001,0.40000000000000013
INSTITUTO FEDERAL DE SANTA CATARINA,TECNICO DE LABORATORIO AREA,13,0,0,2.6,2.6
INSTITUTO FEDERAL DE SANTA CATARINA,TECNICO EM ASSUNTOS EDUCACIONAIS,2,0,0,0.4,0.4
INSTITUTO FEDERAL DE SANTA CATARINA,TECNICO EM CONTABILIDADE,3,0,0,0.6000000000000001,0.6000000000000001
INSTITUTO FEDERAL DE SAO PAULO,ADMINISTRADOR,1,0,0,0.2,0.2
INSTITUTO FEDERAL DE SAO PAULO,ANALISTA DE TEC DA INFORMACAO,1,0,0,0.2,0.2
INSTITUTO FEDERAL DE SAO PAULO,ASSISTENTE DE ALUNO,10,2,0.2,2,0
INSTITUTO FEDERAL DE SAO PAULO,ASSISTENTE EM ADMINISTRACAO,12,1,0.08,2.4000000000000004,1.4000000000000004
INSTITUTO FEDERAL DE SAO PAULO,ASSISTENTE SOCIAL,2,0,0,0.4,0.4
INSTITUTO FEDERAL DE SAO PAULO,AUDITOR,1,1,1,0.2,-0.8
INSTITUTO FEDERAL DE SAO PAULO,BIBLIOTECARIO-DOCUMENTALISTA,1,1,1,0.2,-0.8
INSTITUTO FEDERAL DE SAO PAULO,ENGENHEIRO-AREA,3,1,0.33,0.6000000000000001,-0.3999999999999999
INSTITUTO FEDERAL DE SAO PAULO,PEDAGOGO-AREA,2,0,0,0.4,0.4
INSTITUTO FEDERAL DE SAO PAULO,PROFESSOR ENS BASICO TECN TECNOLOGICO,113,22,0.19,22.6,0.6000000000000014
INSTITUTO FEDERAL DE SAO PAULO,PSICOLOGO-AREA,1,0,0,0.2,0.2
INSTITUTO FEDERAL DE SAO PAULO,TEC DE TECNOLOGIA DA INFORMACAO,1,0,0,0.2,0.2
INSTITUTO FEDERAL DE SAO PAULO,TECNICO DE LABORATORIO AREA,17,1,0.06,3.4000000000000004,2.4000000000000004
INSTITUTO FEDERAL DE SAO PAULO,TECNICO EM ASSUNTOS EDUCACIONAIS,3,2,0.67,0.6000000000000001,-1.4
INSTITUTO FEDERAL DE SAO PAULO,TECNOLOGO-FORMACAO,3,1,0.33,0.6000000000000001,-0.3999999999999999
INSTITUTO FEDERAL DE SERGIPE,ADMINISTRADOR,2,1,0.5,0.4,-0.6
INSTITUTO FEDERAL DE SERGIPE,ANALISTA DE TEC DA INFORMACAO,5,1,0.2,1,0
INSTITUTO FEDERAL DE SERGIPE,ASSISTENTE DE ALUNO,8,2,0.25,1.6,-0.3999999999999999
INSTITUTO FEDERAL DE SERGIPE,ASSISTENTE EM ADMINISTRACAO,16,3,0.19,3.2,0.20000000000000018
INSTITUTO FEDERAL DE SERGIPE,CONTADOR,2,0,0,0.4,0.4
INSTITUTO FEDERAL DE SERGIPE,ECONOMISTA,1,0,0,0.2,0.2
INSTITUTO FEDERAL DE SERGIPE,ENFERMEIRO-AREA,1,0,0,0.2,0.2
INSTITUTO FEDERAL DE SERGIPE,ENGENHEIRO-AREA,1,0,0,0.2,0.2
INSTITUTO FEDERAL DE SERGIPE,MEDICO - PCCTAE,1,0,0,0.2,0.2
INSTITUTO FEDERAL DE SERGIPE,NUTRICIONISTA-HABILITACAO,1,0,0,0.2,0.2
INSTITUTO FEDERAL DE SERGIPE,PEDAGOGO-AREA,3,1,0.33,0.6000000000000001,-0.3999999999999999
INSTITUTO FEDERAL DE SERGIPE,PROFESSOR ENS BASICO TECN TECNOLOGICO,169,44,0.26,33.800000000000004,-10.199999999999996
INSTITUTO FEDERAL DE SERGIPE,TEC DE TECNOLOGIA DA INFORMACAO,12,3,0.25,2.4000000000000004,-0.5999999999999996
INSTITUTO FEDERAL DE SERGIPE,TECNICO DE LABORATORIO AREA,2,1,0.5,0.4,-0.6
INSTITUTO FEDERAL DE SERGIPE,TECNICO EM CONTABILIDADE,3,1,0.33,0.6000000000000001,-0.3999999999999999
INSTITUTO FEDERAL DE SERGIPE,TECNICO EM ENFERMAGEM,3,1,0.33,0.6000000000000001,-0.3999999999999999
INSTITUTO FEDERAL DE SERGIPE,TECNOLOGO-FORMACAO,2,0,0,0.4,0.4
INSTITUTO FEDERAL DO ACRE,ADMINISTRADOR,3,0,0,0.6000000000000001,0.6000000000000001
INSTITUTO FEDERAL DO ACRE,ANALISTA DE TEC DA INFORMACAO,2,0,0,0.4,0.4
INSTITUTO FEDERAL DO ACRE,ARQUIVISTA,2,0,0,0.4,0.4
INSTITUTO FEDERAL DO ACRE,ASSISTENTE DE ALUNO,8,1,0.12,1.6,0.6000000000000001
INSTITUTO FEDERAL DO ACRE,ASSISTENTE EM ADMINISTRACAO,17,3,0.18,3.4000000000000004,0.40000000000000036
INSTITUTO FEDERAL DO ACRE,ASSISTENTE SOCIAL,2,2,1,0.4,-1.6
INSTITUTO FEDERAL DO ACRE,AUDITOR,1,0,0,0.2,0.2
INSTITUTO FEDERAL DO ACRE,BIBLIOTECARIO-DOCUMENTALISTA,1,0,0,0.2,0.2
INSTITUTO FEDERAL DO ACRE,CONTADOR,1,0,0,0.2,0.2
INSTITUTO FEDERAL DO ACRE,ENGENHEIRO-AREA,1,0,0,0.2,0.2
INSTITUTO FEDERAL DO ACRE,MEDICO - PCCTAE,1,0,0,0.2,0.2
INSTITUTO FEDERAL DO ACRE,PROFESSOR ENS BASICO TECN TECNOLOGICO,90,15,0.17,18,3
INSTITUTO FEDERAL DO ACRE,TEC DE TECNOLOGIA DA INFORMACAO,13,3,0.23,2.6,-0.3999999999999999
INSTITUTO FEDERAL DO ACRE,TECNICO DE LABORATORIO AREA,2,0,0,0.4,0.4
INSTITUTO FEDERAL DO ACRE,TECNICO EM CONTABILIDADE,5,1,0.2,1,0
INSTITUTO FEDERAL DO ACRE,TECNOLOGO-FORMACAO,2,0,0,0.4,0.4
INSTITUTO FEDERAL DO AMAPA,ADMINISTRADOR,3,0,0,0.6000000000000001,0.6000000000000001
INSTITUTO FEDERAL DO AMAPA,ASSISTENTE DE ALUNO,7,2,0.29,1.4000000000000001,-0.5999999999999999
INSTITUTO FEDERAL DO AMAPA,ASSISTENTE EM ADMINISTRACAO,13,3,0.23,2.6,-0.3999999999999999
INSTITUTO FEDERAL DO AMAPA,ASSISTENTE SOCIAL,1,0,0,0.2,0.2
INSTITUTO FEDERAL DO AMAPA,BIBLIOTECARIO-DOCUMENTALISTA,3,0,0,0.6000000000000001,0.6000000000000001
INSTITUTO FEDERAL DO AMAPA,CONTADOR,2,0,0,0.4,0.4
INSTITUTO FEDERAL DO AMAPA,ENGENHEIRO AGRONOMO,1,0,0,0.2,0.2
INSTITUTO FEDERAL DO AMAPA,ENGENHEIRO-AREA,3,1,0.33,0.6000000000000001,-0.3999999999999999
INSTITUTO FEDERAL DO AMAPA,MEDICO - PCCTAE,1,0,0,0.2,0.2
INSTITUTO FEDERAL DO AMAPA,NUTRICIONISTA-HABILITACAO,1,0,0,0.2,0.2
INSTITUTO FEDERAL DO AMAPA,PEDAGOGO-AREA,5,1,0.2,1,0
INSTITUTO FEDERAL DO AMAPA,PROFESSOR ENS BASICO TECN TECNOLOGICO,93,16,0.17,18.6,2.6000000000000014
INSTITUTO FEDERAL DO AMAPA,PSICOLOGO-AREA,1,0,0,0.2,0.2
INSTITUTO FEDERAL DO AMAPA,TEC DE TECNOLOGIA DA INFORMACAO,8,1,0.12,1.6,0.6000000000000001
INSTITUTO FEDERAL DO AMAPA,TECNICO DE LABORATORIO AREA,9,0,0,1.8,1.8
INSTITUTO FEDERAL DO AMAPA,TECNICO EM ASSUNTOS EDUCACIONAIS,5,1,0.2,1,0
INSTITUTO FEDERAL DO AMAPA,TECNICO EM CONTABILIDADE,1,0,0,0.2,0.2
INSTITUTO FEDERAL DO AMAPA,TECNOLOGO-FORMACAO,1,0,0,0.2,0.2
INSTITUTO FEDERAL DO AMAZONAS,ADMINISTRADOR,1,0,0,0.2,0.2
INSTITUTO FEDERAL DO AMAZONAS,ANALISTA DE TEC DA INFORMACAO,3,0,0,0.6000000000000001,0.6000000000000001
INSTITUTO FEDERAL DO AMAZONAS,ASSISTENTE DE ALUNO,7,0,0,1.4000000000000001,1.4000000000000001
INSTITUTO FEDERAL DO AMAZONAS,ASSISTENTE EM ADMINISTRACAO,21,1,0.05,4.2,3.2
INSTITUTO FEDERAL DO AMAZONAS,ASSISTENTE SOCIAL,2,0,0,0.4,0.4
INSTITUTO FEDERAL DO AMAZONAS,CONTADOR,6,0,0,1.2000000000000002,1.2000000000000002
INSTITUTO FEDERAL DO AMAZONAS,ENFERMEIRO-AREA,1,0,0,0.2,0.2
INSTITUTO FEDERAL DO AMAZONAS,ENGENHEIRO AGRONOMO,1,0,0,0.2,0.2
INSTITUTO FEDERAL DO AMAZONAS,ENGENHEIRO-AREA,1,0,0,0.2,0.2
INSTITUTO FEDERAL DO AMAZONAS,MEDICO - PCCTAE,3,0,0,0.6000000000000001,0.6000000000000001
INSTITUTO FEDERAL DO AMAZONAS,MEDICO VETERINARIO - PCCTAE,1,0,0,0.2,0.2
INSTITUTO FEDERAL DO AMAZONAS,PEDAGOGO-AREA,4,0,0,0.8,0.8
INSTITUTO FEDERAL DO AMAZONAS,PROFESSOR ENS BASICO TECN TECNOLOGICO,53,1,0.02,10.600000000000001,9.600000000000001
INSTITUTO FEDERAL DO AMAZONAS,PSICOLOGO-AREA,1,0,0,0.2,0.2
INSTITUTO FEDERAL DO AMAZONAS,TEC DE TECNOLOGIA DA INFORMACAO,3,0,0,0.6000000000000001,0.6000000000000001
INSTITUTO FEDERAL DO AMAZONAS,TECNICO DE LABORATORIO AREA,9,0,0,1.8,1.8
INSTITUTO FEDERAL DO AMAZONAS,TECNICO EM AGROPECUARIA,3,0,0,0.6000000000000001,0.6000000000000001
INSTITUTO FEDERAL DO AMAZONAS,TECNICO EM ASSUNTOS EDUCACIONAIS,2,0,0,0.4,0.4
INSTITUTO FEDERAL DO AMAZONAS,TECNICO EM CONTABILIDADE,4,0,0,0.8,0.8
INSTITUTO FEDERAL DO AMAZONAS,TECNOLOGO-FORMACAO,2,0,0,0.4,0.4
INSTITUTO FEDERAL DO CEARA,ASSISTENTE SOCIAL,2,0,0,0.4,0.4
INSTITUTO FEDERAL DO CEARA,ENFERMEIRO-AREA,2,0,0,0.4,0.4
INSTITUTO FEDERAL DO CEARA,PEDAGOGO-AREA,1,0,0,0.2,0.2
INSTITUTO FEDERAL DO CEARA,PROFESSOR ENS BASICO TECN TECNOLOGICO,61,14,0.23,12.200000000000001,-1.799999999999999
INSTITUTO FEDERAL DO CEARA,TECNICO DE LABORATORIO AREA,3,0,0,0.6000000000000001,0.6000000000000001
INSTITUTO FEDERAL DO CEARA,TECNICO EM ASSUNTOS EDUCACIONAIS,1,1,1,0.2,-0.8
INSTITUTO FEDERAL DO ESPIRITO SANTO,ADMINISTRADOR,1,0,0,0.2,0.2
INSTITUTO FEDERAL DO ESPIRITO SANTO,ANALISTA DE TEC DA INFORMACAO,2,0,0,0.4,0.4
INSTITUTO FEDERAL DO ESPIRITO SANTO,ARQUITETO E URBANISTA,1,0,0,0.2,0.2
INSTITUTO FEDERAL DO ESPIRITO SANTO,ASSISTENTE DE ALUNO,3,0,0,0.6000000000000001,0.6000000000000001
INSTITUTO FEDERAL DO ESPIRITO SANTO,ASSISTENTE EM ADMINISTRACAO,11,1,0.09,2.2,1.2000000000000002
INSTITUTO FEDERAL DO ESPIRITO SANTO,ASSISTENTE SOCIAL,2,0,0,0.4,0.4
INSTITUTO FEDERAL DO ESPIRITO SANTO,BIBLIOTECARIO-DOCUMENTALISTA,1,0,0,0.2,0.2
INSTITUTO FEDERAL DO ESPIRITO SANTO,ENGENHEIRO DE SEG DO TRABALHO,1,0,0,0.2,0.2
INSTITUTO FEDERAL DO ESPIRITO SANTO,ENGENHEIRO-AREA,1,1,1,0.2,-0.8
INSTITUTO FEDERAL DO ESPIRITO SANTO,PEDAGOGO-AREA,3,0,0,0.6000000000000001,0.6000000000000001
INSTITUTO FEDERAL DO ESPIRITO SANTO,PROFESSOR ENS BASICO TECN TECNOLOGICO,129,16,0.12,25.8,9.8
INSTITUTO FEDERAL DO ESPIRITO SANTO,TEC DE TECNOLOGIA DA INFORMACAO,10,3,0.3,2,-1
INSTITUTO FEDERAL DO ESPIRITO SANTO,TECNICO DE LABORATORIO AREA,15,1,0.07,3,2
INSTITUTO FEDERAL DO ESPIRITO SANTO,TECNICO EM AGROPECUARIA,4,0,0,0.8,0.8
INSTITUTO FEDERAL DO ESPIRITO SANTO,TECNICO EM ASSUNTOS EDUCACIONAIS,7,1,0.14,1.4000000000000001,0.40000000000000013
INSTITUTO FEDERAL DO ESPIRITO SANTO,TECNICO EM CONTABILIDADE,2,0,0,0.4,0.4
INSTITUTO FEDERAL DO ESPIRITO SANTO,TECNICO EM ENFERMAGEM,1,0,0,0.2,0.2
INSTITUTO FEDERAL DO MARANHAO,ASSISTENTE EM ADMINISTRACAO,38,7,0.18,7.6000000000000005,0.6000000000000005
INSTITUTO FEDERAL DO MARANHAO,AUX EM ADMINISTRACAO,1,0,0,0.2,0.2
INSTITUTO FEDERAL DO MARANHAO,ENGENHEIRO-AREA,2,0,0,0.4,0.4
INSTITUTO FEDERAL DO MARANHAO,MEDICO - PCCTAE,3,0,0,0.6000000000000001,0.6000000000000001
INSTITUTO FEDERAL DO MARANHAO,MEDICO VETERINARIO - PCCTAE,1,0,0,0.2,0.2
INSTITUTO FEDERAL DO MARANHAO,NUTRICIONISTA-HABILITACAO,2,0,0,0.4,0.4
INSTITUTO FEDERAL DO MARANHAO,PEDAGOGO-AREA,4,1,0.25,0.8,-0.19999999999999996
INSTITUTO FEDERAL DO MARANHAO,PROFESSOR ENS BASICO TECN TECNOLOGICO,28,8,0.29,5.6000000000000005,-2.3999999999999995
INSTITUTO FEDERAL DO MARANHAO,PSICOLOGO-AREA,2,0,0,0.4,0.4
INSTITUTO FEDERAL DO MARANHAO,TEC DE TECNOLOGIA DA INFORMACAO,2,0,0,0.4,0.4
INSTITUTO FEDERAL DO MARANHAO,TECNICO DE LABORATORIO AREA,19,3,0.16,3.8000000000000003,0.8000000000000003
INSTITUTO FEDERAL DO MARANHAO,TECNICO EM AGROPECUARIA,3,1,0.33,0.6000000000000001,-0.3999999999999999
INSTITUTO FEDERAL DO MARANHAO,TECNICO EM ASSUNTOS EDUCACIONAIS,10,0,0,2,2
INSTITUTO FEDERAL DO MARANHAO,TECNICO EM ENFERMAGEM,3,0,0,0.6000000000000001,0.6000000000000001
INSTITUTO FEDERAL DO PARA,ADMINISTRADOR,11,1,0.09,2.2,1.2000000000000002
INSTITUTO FEDERAL DO PARA,ANALISTA DE TEC DA INFORMACAO,3,1,0.33,0.6000000000000001,-0.3999999999999999
INSTITUTO FEDERAL DO PARA,ASSISTENTE DE ALUNO,4,0,0,0.8,0.8
INSTITUTO FEDERAL DO PARA,ASSISTENTE EM ADMINISTRACAO,11,0,0,2.2,2.2
INSTITUTO FEDERAL DO PARA,CONTADOR,6,1,0.17,1.2000000000000002,0.20000000000000018
INSTITUTO FEDERAL DO PARA,ESTATISTICO,2,0,0,0.4,0.4
INSTITUTO FEDERAL DO PARA,PEDAGOGO-AREA,2,0,0,0.4,0.4
INSTITUTO FEDERAL DO PARA,PROFESSOR ENS BASICO TECN TECNOLOGICO,92,9,0.1,18.400000000000002,9.400000000000002
INSTITUTO FEDERAL DO PARA,TEC DE TECNOLOGIA DA INFORMACAO,10,2,0.2,2,0
INSTITUTO FEDERAL DO PARA,TECNICO DE LABORATORIO AREA,11,1,0.09,2.2,1.2000000000000002
INSTITUTO FEDERAL DO PARA,TECNICO EM CONTABILIDADE,2,0,0,0.4,0.4
INSTITUTO FEDERAL DO PARA,TECNICO EM ENFERMAGEM,2,0,0,0.4,0.4
INSTITUTO FEDERAL DO PARA,TECNOLOGO-FORMACAO,1,0,0,0.2,0.2
INSTITUTO FEDERAL DO PARANA,ADMINISTRADOR,2,1,0.5,0.4,-0.6
INSTITUTO FEDERAL DO PARANA,ANALISTA DE TEC DA INFORMACAO,1,0,0,0.2,0.2
INSTITUTO FEDERAL DO PARANA,ASSISTENTE DE ALUNO,5,2,0.4,1,-1
INSTITUTO FEDERAL DO PARANA,ASSISTENTE EM ADMINISTRACAO,19,4,0.21,3.8000000000000003,-0.19999999999999973
INSTITUTO FEDERAL DO PARANA,ASSISTENTE SOCIAL,1,0,0,0.2,0.2
INSTITUTO FEDERAL DO PARANA,BIBLIOTECARIO-DOCUMENTALISTA,2,0,0,0.4,0.4
INSTITUTO FEDERAL DO PARANA,CONTADOR,2,0,0,0.4,0.4
INSTITUTO FEDERAL DO PARANA,ENFERMEIRO-AREA,1,0,0,0.2,0.2
INSTITUTO FEDERAL DO PARANA,MEDICO - PCCTAE,1,0,0,0.2,0.2
INSTITUTO FEDERAL DO PARANA,PEDAGOGO-AREA,7,1,0.14,1.4000000000000001,0.40000000000000013
INSTITUTO FEDERAL DO PARANA,PROFESSOR ENS BASICO TECN TECNOLOGICO,163,21,0.13,32.6,11.600000000000001
INSTITUTO FEDERAL DO PARANA,PSICOLOGO-AREA,1,0,0,0.2,0.2
INSTITUTO FEDERAL DO PARANA,TEC DE TECNOLOGIA DA INFORMACAO,7,0,0,1.4000000000000001,1.4000000000000001
INSTITUTO FEDERAL DO PARANA,TECNICO DE LABORATORIO AREA,15,1,0.07,3,2
INSTITUTO FEDERAL DO PARANA,TECNICO EM ASSUNTOS EDUCACIONAIS,6,1,0.17,1.2000000000000002,0.20000000000000018
INSTITUTO FEDERAL DO PARANA,TECNICO EM CONTABILIDADE,1,0,0,0.2,0.2
INSTITUTO FEDERAL DO PARANA,TECNICO EM ENFERMAGEM,1,0,0,0.2,0.2
INSTITUTO FEDERAL DO PARANA,TECNOLOGO-FORMACAO,1,1,1,0.2,-0.8
INSTITUTO FEDERAL DO PIAUI,ANALISTA DE TEC DA INFORMACAO,3,0,0,0.6000000000000001,0.6000000000000001
INSTITUTO FEDERAL DO PIAUI,ASSISTENTE EM ADMINISTRACAO,2,0,0,0.4,0.4
INSTITUTO FEDERAL DO PIAUI,BIBLIOTECARIO-DOCUMENTALISTA,2,0,0,0.4,0.4
INSTITUTO FEDERAL DO PIAUI,MEDICO - PCCTAE,1,0,0,0.2,0.2
INSTITUTO FEDERAL DO PIAUI,ODONTOLOGO - 40 HORAS,1,0,0,0.2,0.2
INSTITUTO FEDERAL DO PIAUI,PEDAGOGO-AREA,1,1,1,0.2,-0.8
INSTITUTO FEDERAL DO PIAUI,PROFESSOR ENS BASICO TECN TECNOLOGICO,64,1,0.02,12.8,11.8
INSTITUTO FEDERAL DO PIAUI,TECNICO DE LABORATORIO AREA,3,0,0,0.6000000000000001,0.6000000000000001
INSTITUTO FEDERAL DO PIAUI,TECNICO EM ENFERMAGEM,1,0,0,0.2,0.2
INSTITUTO FEDERAL DO RIO DE JANEIRO,ASSISTENTE DE ALUNO,4,1,0.25,0.8,-0.19999999999999996
INSTITUTO FEDERAL DO RIO DE JANEIRO,ASSISTENTE EM ADMINISTRACAO,20,6,0.3,4,-2
INSTITUTO FEDERAL DO RIO DE JANEIRO,BIBLIOTECARIO-DOCUMENTALISTA,2,0,0,0.4,0.4
INSTITUTO FEDERAL DO RIO DE JANEIRO,ENGENHEIRO-AREA,1,0,0,0.2,0.2
INSTITUTO FEDERAL DO RIO DE JANEIRO,MEDICO - PCCTAE,5,1,0.2,1,0
INSTITUTO FEDERAL DO RIO DE JANEIRO,NUTRICIONISTA-HABILITACAO,1,0,0,0.2,0.2
INSTITUTO FEDERAL DO RIO DE JANEIRO,PEDAGOGO-AREA,1,0,0,0.2,0.2
INSTITUTO FEDERAL DO RIO DE JANEIRO,PROFESSOR ENS BASICO TECN TECNOLOGICO,12,0,0,2.4000000000000004,2.4000000000000004
INSTITUTO FEDERAL DO RIO DE JANEIRO,TEC DE TECNOLOGIA DA INFORMACAO,3,0,0,0.6000000000000001,0.6000000000000001
INSTITUTO FEDERAL DO RIO DE JANEIRO,TECNICO DE LABORATORIO AREA,8,2,0.25,1.6,-0.3999999999999999
INSTITUTO FEDERAL DO RIO DE JANEIRO,TECNICO EM ASSUNTOS EDUCACIONAIS,2,0,0,0.4,0.4
INSTITUTO FEDERAL DO RIO DE JANEIRO,TECNICO EM CONTABILIDADE,1,0,0,0.2,0.2
INSTITUTO FEDERAL DO RIO DE JANEIRO,TECNOLOGO-FORMACAO,1,1,1,0.2,-0.8
INSTITUTO FEDERAL DO RIO GRANDE DO NORTE,ANALISTA DE TEC DA INFORMACAO,4,1,0.25,0.8,-0.19999999999999996
INSTITUTO FEDERAL DO RIO GRANDE DO NORTE,ASSISTENTE DE ALUNO,7,1,0.14,1.4000000000000001,0.40000000000000013
INSTITUTO FEDERAL DO RIO GRANDE DO NORTE,ASSISTENTE EM ADMINISTRACAO,25,4,0.16,5,1
INSTITUTO FEDERAL DO RIO GRANDE DO NORTE,ASSISTENTE SOCIAL,2,1,0.5,0.4,-0.6
INSTITUTO FEDERAL DO RIO GRANDE DO NORTE,BIBLIOTECARIO-DOCUMENTALISTA,1,1,1,0.2,-0.8
INSTITUTO FEDERAL DO RIO GRANDE DO NORTE,ENGENHEIRO-AREA,1,0,0,0.2,0.2
INSTITUTO FEDERAL DO RIO GRANDE DO NORTE,MEDICO - PCCTAE,5,0,0,1,1
INSTITUTO FEDERAL DO RIO GRANDE DO NORTE,NUTRICIONISTA-HABILITACAO,2,0,0,0.4,0.4
INSTITUTO FEDERAL DO RIO GRANDE DO NORTE,ODONTOLOGO - 40 HORAS,2,0,0,0.4,0.4
INSTITUTO FEDERAL DO RIO GRANDE DO NORTE,PEDAGOGO-AREA,3,1,0.33,0.6000000000000001,-0.3999999999999999
INSTITUTO FEDERAL DO RIO GRANDE DO NORTE,PSICOLOGO-AREA,1,1,1,0.2,-0.8
INSTITUTO FEDERAL DO RIO GRANDE DO NORTE,TEC DE TECNOLOGIA DA INFORMACAO,12,1,0.08,2.4000000000000004,1.4000000000000004
INSTITUTO FEDERAL DO RIO GRANDE DO NORTE,TECNICO DE LABORATORIO AREA,15,2,0.13,3,1
INSTITUTO FEDERAL DO RIO GRANDE DO NORTE,TECNICO EM ASSUNTOS EDUCACIONAIS,3,0,0,0.6000000000000001,0.6000000000000001
INSTITUTO FEDERAL DO RIO GRANDE DO NORTE,TECNICO EM CONTABILIDADE,1,0,0,0.2,0.2
INSTITUTO FEDERAL DO RIO GRANDE DO NORTE,TECNICO EM ENFERMAGEM,1,0,0,0.2,0.2
INSTITUTO FEDERAL DO RIO GRANDE DO SUL,ADMINISTRADOR,3,1,0.33,0.6000000000000001,-0.3999999999999999
INSTITUTO FEDERAL DO RIO GRANDE DO SUL,ASSISTENTE DE ALUNO,5,0,0,1,1
INSTITUTO FEDERAL DO RIO GRANDE DO SUL,ASSISTENTE EM ADMINISTRACAO,11,4,0.36,2.2,-1.7999999999999998
INSTITUTO FEDERAL DO RIO GRANDE DO SUL,BIBLIOTECARIO-DOCUMENTALISTA,3,0,0,0.6000000000000001,0.6000000000000001
INSTITUTO FEDERAL DO RIO GRANDE DO SUL,ENGENHEIRO-AREA,2,1,0.5,0.4,-0.6
INSTITUTO FEDERAL DO RIO GRANDE DO SUL,MEDICO - PCCTAE,1,0,0,0.2,0.2
INSTITUTO FEDERAL DO RIO GRANDE DO SUL,NUTRICIONISTA-HABILITACAO,1,0,0,0.2,0.2
INSTITUTO FEDERAL DO RIO GRANDE DO SUL,PEDAGOGO-AREA,2,0,0,0.4,0.4
INSTITUTO FEDERAL DO RIO GRANDE DO SUL,PROFESSOR ENS BASICO TECN TECNOLOGICO,125,26,0.21,25,-1
INSTITUTO FEDERAL DO RIO GRANDE DO SUL,TEC DE TECNOLOGIA DA INFORMACAO,4,0,0,0.8,0.8
INSTITUTO FEDERAL DO RIO GRANDE DO SUL,TECNICO DE LABORATORIO AREA,17,3,0.18,3.4000000000000004,0.40000000000000036
INSTITUTO FEDERAL DO RIO GRANDE DO SUL,TECNICO EM AGROPECUARIA,3,0,0,0.6000000000000001,0.6000000000000001
INSTITUTO FEDERAL DO RIO GRANDE DO SUL,TECNICO EM ASSUNTOS EDUCACIONAIS,3,0,0,0.6000000000000001,0.6000000000000001
INSTITUTO FEDERAL DO RIO GRANDE DO SUL,TECNICO EM CONTABILIDADE,4,0,0,0.8,0.8
INSTITUTO FEDERAL DO SERTAO PERNAMBUCANO,PEDAGOGO-AREA,1,1,1,0.2,-0.8
INSTITUTO FEDERAL DO SERTAO PERNAMBUCANO,PROFESSOR ENS BASICO TECN TECNOLOGICO,8,0,0,1.6,1.6
INSTITUTO FEDERAL DO SERTAO PERNAMBUCANO,PSICOLOGO-AREA,1,0,0,0.2,0.2
INSTITUTO FEDERAL DO SERTAO PERNAMBUCANO,TECNICO DE LABORATORIO AREA,1,0,0,0.2,0.2
INSTITUTO FEDERAL DO SUL DE MINAS GERAIS,ASSISTENTE DE ALUNO,2,1,0.5,0.4,-0.6
INSTITUTO FEDERAL DO SUL DE MINAS GERAIS,ASSISTENTE EM ADMINISTRACAO,14,4,0.29,2.8000000000000003,-1.1999999999999997
INSTITUTO FEDERAL DO SUL DE MINAS GERAIS,CONTADOR,1,0,0,0.2,0.2
INSTITUTO FEDERAL DO SUL DE MINAS GERAIS,PROFESSOR ENS BASICO TECN TECNOLOGICO,28,3,0.11,5.6000000000000005,2.6000000000000005
INSTITUTO FEDERAL DO SUL DE MINAS GERAIS,TEC DE TECNOLOGIA DA INFORMACAO,7,1,0.14,1.4000000000000001,0.40000000000000013
INSTITUTO FEDERAL DO SUL DE MINAS GERAIS,TECNICO DE LABORATORIO AREA,1,0,0,0.2,0.2
INSTITUTO FEDERAL DO SUL DE MINAS GERAIS,TECNICO EM AGROPECUARIA,7,1,0.14,1.4000000000000001,0.40000000000000013
INSTITUTO FEDERAL DO SUL DE MINAS GERAIS,TECNICO EM ASSUNTOS EDUCACIONAIS,1,1,1,0.2,-0.8
INSTITUTO FEDERAL DO TOCANTINS,ANALISTA DE TEC DA INFORMACAO,1,0,0,0.2,0.2
INSTITUTO FEDERAL DO TOCANTINS,ASSISTENTE DE ALUNO,1,1,1,0.2,-0.8
INSTITUTO FEDERAL DO TOCANTINS,ASSISTENTE EM ADMINISTRACAO,12,3,0.25,2.4000000000000004,-0.5999999999999996
INSTITUTO FEDERAL DO TOCANTINS,ASSISTENTE SOCIAL,1,0,0,0.2,0.2
INSTITUTO FEDERAL DO TOCANTINS,AUDITOR,1,0,0,0.2,0.2
INSTITUTO FEDERAL DO TOCANTINS,CONTADOR,1,0,0,0.2,0.2
INSTITUTO FEDERAL DO TOCANTINS,ENGENHEIRO-AREA,2,1,0.5,0.4,-0.6
INSTITUTO FEDERAL DO TOCANTINS,MEDICO-AREA,1,0,0,0.2,0.2
INSTITUTO FEDERAL DO TOCANTINS,PEDAGOGO-AREA,2,0,0,0.4,0.4
INSTITUTO FEDERAL DO TOCANTINS,PRODUTOR CULTURAL,1,0,0,0.2,0.2
INSTITUTO FEDERAL DO TOCANTINS,PROFESSOR ENS BASICO TECN TECNOLOGICO,59,7,0.12,11.8,4.800000000000001
INSTITUTO FEDERAL DO TOCANTINS,TEC DE TECNOLOGIA DA INFORMACAO,5,0,0,1,1
INSTITUTO FEDERAL DO TOCANTINS,TECNICO DE LABORATORIO AREA,7,1,0.14,1.4000000000000001,0.40000000000000013
INSTITUTO FEDERAL DO TOCANTINS,TECNICO EM AGROPECUARIA,1,0,0,0.2,0.2
INSTITUTO FEDERAL DO TOCANTINS,TECNICO EM ASSUNTOS EDUCACIONAIS,2,1,0.5,0.4,-0.6
INSTITUTO FEDERAL DO TOCANTINS,TECNICO EM ENFERMAGEM,1,0,0,0.2,0.2
INSTITUTO FEDERAL DO TRIANGULO MINEIRO,ANALISTA DE TEC DA INFORMACAO,1,0,0,0.2,0.2
INSTITUTO FEDERAL DO TRIANGULO MINEIRO,ASSISTENTE EM ADMINISTRACAO,12,3,0.25,2.4000000000000004,-0.5999999999999996
INSTITUTO FEDERAL DO TRIANGULO MINEIRO,CONTADOR,2,1,0.5,0.4,-0.6
INSTITUTO FEDERAL DO TRIANGULO MINEIRO,ENGENHEIRO AGRONOMO,1,0,0,0.2,0.2
INSTITUTO FEDERAL DO TRIANGULO MINEIRO,ENGENHEIRO-AREA,1,0,0,0.2,0.2
INSTITUTO FEDERAL DO TRIANGULO MINEIRO,PROFESSOR ENS BASICO TECN TECNOLOGICO,26,2,0.08,5.2,3.2
INSTITUTO FEDERAL DO TRIANGULO MINEIRO,TEC DE TECNOLOGIA DA INFORMACAO,6,1,0.17,1.2000000000000002,0.20000000000000018
INSTITUTO FEDERAL DO TRIANGULO MINEIRO,TECNICO DE LABORATORIO AREA,3,1,0.33,0.6000000000000001,-0.3999999999999999
INSTITUTO FEDERAL DO TRIANGULO MINEIRO,TECNICO EM AGROPECUARIA,2,0,0,0.4,0.4
INSTITUTO FEDERAL DO TRIANGULO MINEIRO,TECNICO EM ASSUNTOS EDUCACIONAIS,3,0,0,0.6000000000000001,0.6000000000000001
INSTITUTO FEDERAL DO TRIANGULO MINEIRO,TECNOLOGO-FORMACAO,2,0,0,0.4,0.4
INSTITUTO FEDERAL FARROUPILHA,ASSISTENTE DE ALUNO,3,1,0.33,0.6000000000000001,-0.3999999999999999
INSTITUTO FEDERAL FARROUPILHA,ASSISTENTE EM ADMINISTRACAO,5,0,0,1,1
INSTITUTO FEDERAL FARROUPILHA,BIBLIOTECARIO-DOCUMENTALISTA,1,1,1,0.2,-0.8
INSTITUTO FEDERAL FARROUPILHA,CONTADOR,1,0,0,0.2,0.2
INSTITUTO FEDERAL FARROUPILHA,ENFERMEIRO-AREA,1,0,0,0.2,0.2
INSTITUTO FEDERAL FARROUPILHA,MEDICO - PCCTAE,3,0,0,0.6000000000000001,0.6000000000000001
INSTITUTO FEDERAL FARROUPILHA,MEDICO VETERINARIO - PCCTAE,2,0,0,0.4,0.4
INSTITUTO FEDERAL FARROUPILHA,NUTRICIONISTA-HABILITACAO,1,0,0,0.2,0.2
INSTITUTO FEDERAL FARROUPILHA,PEDAGOGO-AREA,2,1,0.5,0.4,-0.6
INSTITUTO FEDERAL FARROUPILHA,PROFESSOR ENS BASICO TECN TECNOLOGICO,86,16,0.19,17.2,1.1999999999999993
INSTITUTO FEDERAL FARROUPILHA,TEC DE TECNOLOGIA DA INFORMACAO,3,1,0.33,0.6000000000000001,-0.3999999999999999
INSTITUTO FEDERAL FARROUPILHA,TECNICO DE LABORATORIO AREA,2,0,0,0.4,0.4
INSTITUTO FEDERAL FARROUPILHA,TECNICO EM AGROPECUARIA,2,0,0,0.4,0.4
INSTITUTO FEDERAL FARROUPILHA,TECNICO EM ASSUNTOS EDUCACIONAIS,1,0,0,0.2,0.2
INSTITUTO FEDERAL FLUMINENSE,ASSISTENTE DE ALUNO,3,0,0,0.6000000000000001,0.6000000000000001
INSTITUTO FEDERAL FLUMINENSE,ASSISTENTE EM ADMINISTRACAO,15,1,0.07,3,2
INSTITUTO FEDERAL FLUMINENSE,BIBLIOTECARIO-DOCUMENTALISTA,1,0,0,0.2,0.2
INSTITUTO FEDERAL FLUMINENSE,ENGENHEIRO-AREA,1,0,0,0.2,0.2
INSTITUTO FEDERAL FLUMINENSE,MEDICO - PCCTAE,1,0,0,0.2,0.2
INSTITUTO FEDERAL FLUMINENSE,PROFESSOR ENS BASICO TECN TECNOLOGICO,33,2,0.06,6.6000000000000005,4.6000000000000005
INSTITUTO FEDERAL FLUMINENSE,PSICOLOGO-AREA,1,0,0,0.2,0.2
INSTITUTO FEDERAL FLUMINENSE,TEC DE TECNOLOGIA DA INFORMACAO,1,0,0,0.2,0.2
INSTITUTO FEDERAL FLUMINENSE,TECNICO DE LABORATORIO AREA,2,0,0,0.4,0.4
INSTITUTO FEDERAL FLUMINENSE,TECNICO EM ASSUNTOS EDUCACIONAIS,2,0,0,0.4,0.4
INSTITUTO FEDERAL FLUMINENSE,TECNICO EM ENFERMAGEM,2,1,0.5,0.4,-0.6
INSTITUTO FEDERAL GOIANO,ANALISTA DE TEC DA INFORMACAO,1,1,1,0.2,-0.8
INSTITUTO FEDERAL GOIANO,ASSISTENTE EM ADMINISTRACAO,10,1,0.1,2,1
INSTITUTO FEDERAL GOIANO,BIBLIOTECARIO-DOCUMENTALISTA,1,0,0,0.2,0.2
INSTITUTO FEDERAL GOIANO,BIOLOGO,1,1,1,0.2,-0.8
INSTITUTO FEDERAL GOIANO,CONTADOR,1,1,1,0.2,-0.8
INSTITUTO FEDERAL GOIANO,ENGENHEIRO-AREA,1,0,0,0.2,0.2
INSTITUTO FEDERAL GOIANO,MEDICO - PCCTAE,1,0,0,0.2,0.2
INSTITUTO FEDERAL GOIANO,ODONTOLOGO - 40 HORAS,1,0,0,0.2,0.2
INSTITUTO FEDERAL GOIANO,PROFESSOR ENS BASICO TECN TECNOLOGICO,78,13,0.17,15.600000000000001,2.6000000000000014
INSTITUTO FEDERAL GOIANO,PSICOLOGO-AREA,3,1,0.33,0.6000000000000001,-0.3999999999999999
INSTITUTO FEDERAL GOIANO,TEC DE TECNOLOGIA DA INFORMACAO,4,0,0,0.8,0.8
INSTITUTO FEDERAL GOIANO,TECNICO DE LABORATORIO AREA,11,2,0.18,2.2,0.20000000000000018
INSTITUTO FEDERAL GOIANO,TECNICO EM AGROPECUARIA,2,0,0,0.4,0.4
INSTITUTO FEDERAL GOIANO,TECNICO EM ASSUNTOS EDUCACIONAIS,1,0,0,0.2,0.2
INSTITUTO FEDERAL GOIANO,TECNOLOGO-FORMACAO,3,0,0,0.6000000000000001,0.6000000000000001
INSTITUTO FEDERAL SUL RIO-GRANDENSE,ASSISTENTE DE ALUNO,4,1,0.25,0.8,-0.19999999999999996
INSTITUTO FEDERAL SUL RIO-GRANDENSE,ASSISTENTE EM ADMINISTRACAO,18,4,0.22,3.6,-0.3999999999999999
INSTITUTO FEDERAL SUL RIO-GRANDENSE,CONTADOR,1,1,1,0.2,-0.8
INSTITUTO FEDERAL SUL RIO-GRANDENSE,ENGENHEIRO DE SEG DO TRABALHO,1,1,1,0.2,-0.8
INSTITUTO FEDERAL SUL RIO-GRANDENSE,NUTRICIONISTA-HABILITACAO,1,0,0,0.2,0.2
INSTITUTO FEDERAL SUL RIO-GRANDENSE,ODONTOLOGO - 30 HORAS - DL 1445-76,1,0,0,0.2,0.2
INSTITUTO FEDERAL SUL RIO-GRANDENSE,PEDAGOGO-AREA,1,0,0,0.2,0.2
INSTITUTO FEDERAL SUL RIO-GRANDENSE,PROFESSOR ENS BASICO TECN TECNOLOGICO,47,2,0.04,9.4,7.4
INSTITUTO FEDERAL SUL RIO-GRANDENSE,TECNICO DE LABORATORIO AREA,2,0,0,0.4,0.4
INSTITUTO FEDERAL SUL RIO-GRANDENSE,TECNICO EM ASSUNTOS EDUCACIONAIS,4,0,0,0.8,0.8
INSTITUTO FEDERAL SUL RIO-GRANDENSE,TECNOLOGO-FORMACAO,3,0,0,0.6000000000000001,0.6000000000000001
INSTITUTO NAC. DA PROPRIEDADE INDUSTRIAL,ANALISTA PLANEJ G INFRAEST PROP IND,70,10,0.14,14,4
INSTITUTO NAC. DA PROPRIEDADE INDUSTRIAL,PESQ EM PROPRIEDADE INDUSTRIAL,62,7,0.11,12.4,5.4
INSTITUTO NAC. DA PROPRIEDADE INDUSTRIAL,TECNOL EM PROPRIED INDUSTRIAL - INPI,64,13,0.2,12.8,-0.1999999999999993
INSTITUTO NAC. DE COLONIZ E REF AGRARIA,ANALISTA ADMINISTRATIVO,83,18,0.22,16.6,-1.3999999999999986
INSTITUTO NAC. DE COLONIZ E REF AGRARIA,ANALISTA REFORMA DESENV AGRARIO,253,39,0.15,50.6,11.600000000000001
INSTITUTO NAC. DE COLONIZ E REF AGRARIA,PERITO FEDERAL TERRITORIAL - NS,84,21,0.25,16.8,-4.199999999999999
INSTITUTO NACIONAL DE SEGURO SOCIAL,ANALISTA DO SEGURO SOCIAL,2,0,0,0.4,0.4
INSTITUTO NACIONAL DE SEGURO SOCIAL,TECNICO DO SEGURO SOCIAL,569,98,0.17,113.80000000000001,15.800000000000011
MIN DESENVOLV IND COMERCIO E SERVICOS,ANALISTA DE COMERCIO EXTERIOR,34,5,0.15,6.800000000000001,1.8000000000000007
MIN DESENVOLV IND COMERCIO E SERVICOS,ECONOMISTA,7,2,0.29,1.4000000000000001,-0.5999999999999999
MIN GESTAO E INOV EM SERV PUBLICOS,ADMINISTRADOR,1,0,0,0.2,0.2
MIN GESTAO E INOV EM SERV PUBLICOS,ANALISTA DE INFRA-ESTRUTURA,260,56,0.22,52,-4
MIN GESTAO E INOV EM SERV PUBLICOS,ANALISTA EM TECNOL DA INFORMACAO,163,29,0.18,32.6,3.6000000000000014
MIN GESTAO E INOV EM SERV PUBLICOS,ANALISTA TECN EM POLITICAS SOCIAIS,430,78,0.18,86,8
MIN GESTAO E INOV EM SERV PUBLICOS,ANALISTA TECNICO ADMINISTRATIVO,77,18,0.23,15.4,-2.5999999999999996
MIN GESTAO E INOV EM SERV PUBLICOS,ARQUITETO,7,0,0,1.4000000000000001,1.4000000000000001
MIN GESTAO E INOV EM SERV PUBLICOS,ARQUIVISTA,9,2,0.22,1.8,-0.19999999999999996
MIN GESTAO E INOV EM SERV PUBLICOS,BIBLIOTECARIO,3,1,0.33,0.6000000000000001,-0.3999999999999999
MIN GESTAO E INOV EM SERV PUBLICOS,CONTADOR,1,0,0,0.2,0.2
MIN GESTAO E INOV EM SERV PUBLICOS,ECONOMISTA,11,3,0.27,2.2,-0.7999999999999998
MIN GESTAO E INOV EM SERV PUBLICOS,ENGENHEIRO,44,11,0.25,8.8,-2.1999999999999993
MIN GESTAO E INOV EM SERV PUBLICOS,ESP POL PUBL GESTAO GOVERNAMENTAL,127,29,0.23,25.400000000000002,-3.599999999999998
MIN GESTAO E INOV EM SERV PUBLICOS,ESTATISTICO,2,1,0.5,0.4,-0.6
MIN GESTAO E INOV EM SERV PUBLICOS,MEDICO - PGPE,4,1,0.25,0.8,-0.19999999999999996
MIN GESTAO E INOV EM SERV PUBLICOS,TECNICO EM ASSUNTOS EDUCACIONAIS,1,0,0,0.2,0.2
MIN GESTAO E INOV EM SERV PUBLICOS,TECNICO EM COMUNICACAO SOCIAL,8,2,0.25,1.6,-0.3999999999999999
MINIST. DA JUSTICA E SEGURANCA PUBLICA,ANALISTA EM TECNOL DA INFORMACAO,2,0,0,0.4,0.4
MINIST. DA JUSTICA E SEGURANCA PUBLICA,ANALISTA TECNICO ADMINISTRATIVO,6,0,0,1.2000000000000002,1.2000000000000002
MINIST. DA JUSTICA E SEGURANCA PUBLICA,ESPEC FEDERAL EM ASSIST EXECUCAO PENAL,6,0,0,1.2000000000000002,1.2000000000000002
MINIST. DA JUSTICA E SEGURANCA PUBLICA,POLICIAL PENAL FEDERAL,88,3,0.03,17.6,14.600000000000001
MINISTERIO CIENCIA TECNOLOGIA INOVA,ANALISTA EM CIENCIA E TECNOLOGIA,188,37,0.2,37.6,0.6000000000000014
MINISTERIO CIENCIA TECNOLOGIA INOVA,PESQUISADOR,201,17,0.08,40.2,23.200000000000003
MINISTERIO CIENCIA TECNOLOGIA INOVA,TECNOLOGISTA,217,28,0.13,43.400000000000006,15.400000000000006
MINISTERIO DA AGRICULTURA E PECUARIA,AGENTE DE ATIVIDADES AGROPECUARIAS,56,15,0.27,11.200000000000001,-3.799999999999999
MINISTERIO DA AGRICULTURA E PECUARIA,AGENTE DE INSP SANIT IND PROD ORIGEM ANI,42,11,0.26,8.4,-2.5999999999999996
MINISTERIO DA AGRICULTURA E PECUARIA,ANALISTA DE COMERCIO EXTERIOR,1,0,0,0.2,0.2
MINISTERIO DA AGRICULTURA E PECUARIA,ANALISTA EM CIENCIA E TECNOLOGIA,18,4,0.22,3.6,-0.3999999999999999
MINISTERIO DA AGRICULTURA E PECUARIA,AUDITOR FISCAL FEDERAL AGROPEC,184,41,0.22,36.800000000000004,-4.199999999999996
MINISTERIO DA AGRICULTURA E PECUARIA,PROFESSOR ENS BASICO TECN TECNOLOGICO,1,0,0,0.2,0.2
MINISTERIO DA AGRICULTURA E PECUARIA,TECNICO DE LABORATORIO,20,3,0.15,4,1
MINISTERIO DA AGRICULTURA E PECUARIA,TECNOLOGISTA,17,3,0.18,3.4000000000000004,0.40000000000000036
MINISTERIO DA DEFESA,ANALISTA EM CIENCIA E TECNOLOGIA,54,7,0.13,10.8,3.8000000000000007
MINISTERIO DA DEFESA,TECNICO EM ASSUNTOS EDUCACIONAIS,1,0,0,0.2,0.2
MINISTERIO DA DEFESA,NA,9,0,0,1.8,1.8
MINISTERIO DA EDUCACAO,TECNICO EM ASSUNTOS EDUCACIONAIS,247,2,0.01,49.400000000000006,47.400000000000006
MINISTERIO DA FAZENDA,AGENTE ADMINISTRATIVO,1,0,0,0.2,0.2
MINISTERIO DA FAZENDA,ANALISTA TRIBUTARIO REC FEDERAL BRASIL,677,48,0.07,135.4,87.4
MINISTERIO DA FAZENDA,AUDITOR FEDERAL DE FINANCAS E CONTROLE,47,8,0.17,9.4,1.4000000000000004
MINISTERIO DA FAZENDA,AUDITOR-FISCAL DA RECEITA FEDERAL BRASIL,366,43,0.12,73.2,30.200000000000003
MINISTERIO DA FAZENDA,PROCURADOR DA FAZENDA,234,31,0.13,46.800000000000004,15.800000000000004
MINISTERIO DA IGUALDADE RACIAL,ANALISTA TECN EM POLITICAS SOCIAIS,1,0,0,0.2,0.2
MINISTERIO DA PREVIDENCIA SOCIAL,AGENTE ADMINISTRATIVO,1,0,0,0.2,0.2
MINISTERIO DA PREVIDENCIA SOCIAL,PERITO MEDICO FEDERAL 40H,442,74,0.17,88.4,14.400000000000006
MINISTERIO DA SAUDE,ADMINISTRADOR,1,0,0,0.2,0.2
MINISTERIO DA SAUDE,ANALISTA TECN EM POLITICAS SOCIAIS,2,0,0,0.4,0.4
MINISTERIO DA SAUDE,TECNOLOGISTA,167,28,0.17,33.4,5.399999999999999
MINISTERIO DAS COMUNICACOES,ANALISTA DE INFRA-ESTRUTURA,35,0,0,7,7
MINISTERIO DAS COMUNICACOES,ANALISTA EM TECNOL DA INFORMACAO,2,0,0,0.4,0.4
MINISTERIO DAS COMUNICACOES,ANALISTA TECN EM POLITICAS SOCIAIS,1,0,0,0.2,0.2
MINISTERIO DAS COMUNICACOES,ESP POL PUBL GESTAO GOVERNAMENTAL,2,0,0,0.4,0.4
MINISTERIO DAS RELACOES EXTERIORES,ANALISTA EM TECNOL DA INFORMACAO,1,0,0,0.2,0.2
MINISTERIO DAS RELACOES EXTERIORES,OFICIAL DE CHANCELARIA,46,6,0.13,9.200000000000001,3.200000000000001
MINISTERIO DAS RELACOES EXTERIORES,TERCEIRO SECRETARIO,98,19,0.19,19.6,0.6000000000000014
MINISTERIO DE MINAS E ENERGIA,ANALISTA DE INFRA-ESTRUTURA,1,0,0,0.2,0.2
MINISTERIO DO MEIO AMBIENTE,ANALISTA AMBIENTAL,143,34,0.24,28.6,-5.399999999999999
MINISTERIO DO MEIO AMBIENTE,ANALISTA EM TECNOL DA INFORMACAO,1,0,0,0.2,0.2
MINISTERIO DO MEIO AMBIENTE,ANALISTA TECN EM POLITICAS SOCIAIS,1,0,0,0.2,0.2
MINISTERIO DO MEIO AMBIENTE,ESP POL PUBL GESTAO GOVERNAMENTAL,3,0,0,0.6000000000000001,0.6000000000000001
MINISTERIO DO PLANEJAMENTO E ORCAMENTO,ANALISTA DE PLANEJAMENTO E ORCAMENTO,77,11,0.14,15.4,4.4
MINISTERIO DO PLANEJAMENTO E ORCAMENTO,ECONOMISTA,3,0,0,0.6000000000000001,0.6000000000000001
MINISTERIO DO TRABALHO E EMPREGO,AUDITOR FISCAL DO TRABALHO,792,156,0.2,158.4,2.4000000000000057
MINISTERIO DOS TRANSPORTES,ANALISTA TECNICO ADMINISTRATIVO,1,0,0,0.2,0.2
POLICIA CIVIL DO DISTRITO FEDERAL,AGENTE DE POLICIA - TERCEIRA CLASSE,626,112,0.18,125.2,13.200000000000003
POLICIA CIVIL DO DISTRITO FEDERAL,ESCRIVAO DE POLICIA - TERCEIRA CLASSE,140,16,0.11,28,12
POLICIA MILITAR DO DISTRITO FEDERAL,ASPIRANTE A OFICIAL,1,0,0,0.2,0.2
POLICIA MILITAR DO DISTRITO FEDERAL,CABO,1,0,0,0.2,0.2
POLICIA MILITAR DO DISTRITO FEDERAL,PRIMEIRO SARGENTO,1,0,0,0.2,0.2
POLICIA MILITAR DO DISTRITO FEDERAL,SEGUNDO TENENTE,41,0,0,8.200000000000001,8.200000000000001
POLICIA MILITAR DO DISTRITO FEDERAL,SOLDADO PRIMEIRA CLASSE,8,0,0,1.6,1.6
SUPERINT.NAC.DE PREVIDENCIA COMPLEMENTAR,ANALISTA ADMINISTRATIVO,11,0,0,2.2,2.2
SUPERINT.NAC.DE PREVIDENCIA COMPLEMENTAR,ESPECIALISTA EM PREVIDENCIA COMPLEMENTAR,18,0,0,3.6,3.6
SUPERINTENDENCIA DE SEGUROS PRIVADOS,ANALISTA TECNICO DA SUSEP,66,8,0.12,13.200000000000001,5.200000000000001
TELEBRAS - TELECOM. BRASILEIRAS S.A.,ESPECIALISTA GESTAO TELECOMUNICACOES,62,8,0.13,12.4,4.4
TELEBRAS - TELECOM. BRASILEIRAS S.A.,TECNICO EM GESTAO DE TELECOMUNICACOES,1,0,0,0.2,0.2
UN. INT.INTERN. LUSOFONIA AFROBRASILEIRA,ANALISTA DE TEC DA INFORMACAO,4,0,0,0.8,0.8
UN. INT.INTERN. LUSOFONIA AFROBRASILEIRA,ASSISTENTE EM ADMINISTRACAO,3,0,0,0.6000000000000001,0.6000000000000001
UN. INT.INTERN. LUSOFONIA AFROBRASILEIRA,CONTADOR,1,0,0,0.2,0.2
UN. INT.INTERN. LUSOFONIA AFROBRASILEIRA,MEDICO - PCCTAE,1,0,0,0.2,0.2
UN. INT.INTERN. LUSOFONIA AFROBRASILEIRA,PROFESSOR DO MAGISTERIO SUPERIOR,54,3,0.06,10.8,7.800000000000001
UN. INT.INTERN. LUSOFONIA AFROBRASILEIRA,QUIMICO,1,1,1,0.2,-0.8
UN. INT.INTERN. LUSOFONIA AFROBRASILEIRA,TECNICO EM ASSUNTOS EDUCACIONAIS,1,0,0,0.2,0.2
UNI.FED.VALES DO JEQUITINHONHA E MUCURI,ADMINISTRADOR,4,1,0.25,0.8,-0.19999999999999996
UNI.FED.VALES DO JEQUITINHONHA E MUCURI,ANALISTA DE TEC DA INFORMACAO,3,0,0,0.6000000000000001,0.6000000000000001
UNI.FED.VALES DO JEQUITINHONHA E MUCURI,ARQUITETO E URBANISTA,1,0,0,0.2,0.2
UNI.FED.VALES DO JEQUITINHONHA E MUCURI,ASSISTENTE EM ADMINISTRACAO,31,9,0.29,6.2,-2.8
UNI.FED.VALES DO JEQUITINHONHA E MUCURI,BIBLIOTECARIO-DOCUMENTALISTA,1,0,0,0.2,0.2
UNI.FED.VALES DO JEQUITINHONHA E MUCURI,ENFERMEIRO-AREA,1,0,0,0.2,0.2
UNI.FED.VALES DO JEQUITINHONHA E MUCURI,ENGENHEIRO-AREA,5,0,0,1,1
UNI.FED.VALES DO JEQUITINHONHA E MUCURI,MEDICO VETERINARIO - PCCTAE,1,0,0,0.2,0.2
UNI.FED.VALES DO JEQUITINHONHA E MUCURI,ODONTOLOGO - 40 HORAS,1,0,0,0.2,0.2
UNI.FED.VALES DO JEQUITINHONHA E MUCURI,PEDAGOGO-AREA,2,0,0,0.4,0.4
UNI.FED.VALES DO JEQUITINHONHA E MUCURI,PROFESSOR DO MAGISTERIO SUPERIOR,46,6,0.13,9.200000000000001,3.200000000000001
UNI.FED.VALES DO JEQUITINHONHA E MUCURI,PSICOLOGO-AREA,2,0,0,0.4,0.4
UNI.FED.VALES DO JEQUITINHONHA E MUCURI,TEC DE TECNOLOGIA DA INFORMACAO,9,1,0.11,1.8,0.8
UNI.FED.VALES DO JEQUITINHONHA E MUCURI,TECNICO DE LABORATORIO AREA,22,5,0.23,4.4,-0.5999999999999996
UNI.FED.VALES DO JEQUITINHONHA E MUCURI,TECNICO EM ASSUNTOS EDUCACIONAIS,8,2,0.25,1.6,-0.3999999999999999
UNI.FED.VALES DO JEQUITINHONHA E MUCURI,TECNICO EM CONTABILIDADE,5,0,0,1,1
UNI.FED.VALES DO JEQUITINHONHA E MUCURI,TECNICO EM ENFERMAGEM,1,0,0,0.2,0.2
UNI.FED.VALES DO JEQUITINHONHA E MUCURI,TERAPEUTA OCUPACIONAL,1,0,0,0.2,0.2
UNIV. FEDERAL DE MATO GROSSO DO SUL,ADMINISTRADOR,2,0,0,0.4,0.4
UNIV. FEDERAL DE MATO GROSSO DO SUL,ANALISTA DE TEC DA INFORMACAO,8,1,0.12,1.6,0.6000000000000001
UNIV. FEDERAL DE MATO GROSSO DO SUL,ASSISTENTE EM ADMINISTRACAO,78,15,0.19,15.600000000000001,0.6000000000000014
UNIV. FEDERAL DE MATO GROSSO DO SUL,ASSISTENTE SOCIAL,2,0,0,0.4,0.4
UNIV. FEDERAL DE MATO GROSSO DO SUL,AUDITOR,1,0,0,0.2,0.2
UNIV. FEDERAL DE MATO GROSSO DO SUL,BIBLIOTECARIO-DOCUMENTALISTA,2,0,0,0.4,0.4
UNIV. FEDERAL DE MATO GROSSO DO SUL,ENGENHEIRO-AREA,1,0,0,0.2,0.2
UNIV. FEDERAL DE MATO GROSSO DO SUL,MEDICO - PCCTAE,3,0,0,0.6000000000000001,0.6000000000000001
UNIV. FEDERAL DE MATO GROSSO DO SUL,MEDICO VETERINARIO - PCCTAE,1,1,1,0.2,-0.8
UNIV. FEDERAL DE MATO GROSSO DO SUL,PROFESSOR DO MAGISTERIO SUPERIOR,56,1,0.02,11.200000000000001,10.200000000000001
UNIV. FEDERAL DE MATO GROSSO DO SUL,PSICOLOGO-AREA,1,0,0,0.2,0.2
UNIV. FEDERAL DE MATO GROSSO DO SUL,TEC DE TECNOLOGIA DA INFORMACAO,31,6,0.19,6.2,0.20000000000000018
UNIV. FEDERAL DE MATO GROSSO DO SUL,TECNICO DE LABORATORIO AREA,26,3,0.12,5.2,2.2
UNIV. FEDERAL DE MATO GROSSO DO SUL,TECNICO EM ASSUNTOS EDUCACIONAIS,8,2,0.25,1.6,-0.3999999999999999
UNIV. FEDERAL DE MATO GROSSO DO SUL,TECNICO EM CONTABILIDADE,7,1,0.14,1.4000000000000001,0.40000000000000013
UNIV. FEDERAL DE MATO GROSSO DO SUL,TECNICO EM ENFERMAGEM,9,1,0.11,1.8,0.8
UNIV. FEDERAL DE MATO GROSSO DO SUL,ZOOTECNISTA,1,0,0,0.2,0.2
UNIV. FEDERAL DO DELTA DO PARNAIBA,ADMINISTRADOR,4,0,0,0.8,0.8
UNIV. FEDERAL DO DELTA DO PARNAIBA,ANALISTA DE TEC DA INFORMACAO,8,3,0.38,1.6,-1.4
UNIV. FEDERAL DO DELTA DO PARNAIBA,ARQUIVISTA,1,0,0,0.2,0.2
UNIV. FEDERAL DO DELTA DO PARNAIBA,ASSISTENTE EM ADMINISTRACAO,32,4,0.12,6.4,2.4000000000000004
UNIV. FEDERAL DO DELTA DO PARNAIBA,AUDITOR,1,0,0,0.2,0.2
UNIV. FEDERAL DO DELTA DO PARNAIBA,BIBLIOTECARIO-DOCUMENTALISTA,1,0,0,0.2,0.2
UNIV. FEDERAL DO DELTA DO PARNAIBA,CONTADOR,2,1,0.5,0.4,-0.6
UNIV. FEDERAL DO DELTA DO PARNAIBA,ENGENHEIRO-AREA,1,0,0,0.2,0.2
UNIV. FEDERAL DO DELTA DO PARNAIBA,MEDICO - PCCTAE,1,0,0,0.2,0.2
UNIV. FEDERAL DO DELTA DO PARNAIBA,PEDAGOGO-AREA,3,1,0.33,0.6000000000000001,-0.3999999999999999
UNIV. FEDERAL DO DELTA DO PARNAIBA,PROFESSOR DO MAGISTERIO SUPERIOR,7,0,0,1.4000000000000001,1.4000000000000001
UNIV. FEDERAL DO DELTA DO PARNAIBA,PSICOLOGO-AREA,2,1,0.5,0.4,-0.6
UNIV. FEDERAL DO DELTA DO PARNAIBA,TEC DE TECNOLOGIA DA INFORMACAO,7,1,0.14,1.4000000000000001,0.40000000000000013
UNIV. FEDERAL DO DELTA DO PARNAIBA,TECNICO DE LABORATORIO AREA,2,0,0,0.4,0.4
UNIV. FEDERAL DO DELTA DO PARNAIBA,TECNICO EM CONTABILIDADE,2,0,0,0.4,0.4
UNIV. FEDERAL DO RECONCAVO DA BAHIA,ASSISTENTE EM ADMINISTRACAO,41,10,0.24,8.200000000000001,-1.799999999999999
UNIV. FEDERAL DO RECONCAVO DA BAHIA,BIBLIOTECARIO-DOCUMENTALISTA,3,0,0,0.6000000000000001,0.6000000000000001
UNIV. FEDERAL DO RECONCAVO DA BAHIA,MEDICO - PCCTAE,1,0,0,0.2,0.2
UNIV. FEDERAL DO RECONCAVO DA BAHIA,MEDICO VETERINARIO - PCCTAE,3,0,0,0.6000000000000001,0.6000000000000001
UNIV. FEDERAL DO RECONCAVO DA BAHIA,PEDAGOGO-AREA,1,0,0,0.2,0.2
UNIV. FEDERAL DO RECONCAVO DA BAHIA,PROFESSOR DO MAGISTERIO SUPERIOR,22,6,0.27,4.4,-1.5999999999999996
UNIV. FEDERAL DO RECONCAVO DA BAHIA,TEC DE TECNOLOGIA DA INFORMACAO,7,0,0,1.4000000000000001,1.4000000000000001
UNIV. FEDERAL DO RECONCAVO DA BAHIA,TECNICO DE LABORATORIO AREA,4,0,0,0.8,0.8
UNIV. FEDERAL DO RECONCAVO DA BAHIA,TECNICO EM AGROPECUARIA,1,0,0,0.2,0.2
UNIV. FEDERAL DO RECONCAVO DA BAHIA,TECNICO EM CONTABILIDADE,1,0,0,0.2,0.2
UNIV. FEDERAL RURAL DO RIO DE JANEIRO,ANALISTA DE TEC DA INFORMACAO,1,0,0,0.2,0.2
UNIV. FEDERAL RURAL DO RIO DE JANEIRO,ARQUIVISTA,1,0,0,0.2,0.2
UNIV. FEDERAL RURAL DO RIO DE JANEIRO,ASSISTENTE DE ALUNO,2,0,0,0.4,0.4
UNIV. FEDERAL RURAL DO RIO DE JANEIRO,ASSISTENTE EM ADMINISTRACAO,24,6,0.25,4.800000000000001,-1.1999999999999993
UNIV. FEDERAL RURAL DO RIO DE JANEIRO,AUDITOR,1,0,0,0.2,0.2
UNIV. FEDERAL RURAL DO RIO DE JANEIRO,BIBLIOTECARIO-DOCUMENTALISTA,3,0,0,0.6000000000000001,0.6000000000000001
UNIV. FEDERAL RURAL DO RIO DE JANEIRO,CONTADOR,1,0,0,0.2,0.2
UNIV. FEDERAL RURAL DO RIO DE JANEIRO,ENGENHEIRO AGRONOMO,2,0,0,0.4,0.4
UNIV. FEDERAL RURAL DO RIO DE JANEIRO,ENGENHEIRO-AREA,1,0,0,0.2,0.2
UNIV. FEDERAL RURAL DO RIO DE JANEIRO,FARMACEUTICO,1,0,0,0.2,0.2
UNIV. FEDERAL RURAL DO RIO DE JANEIRO,PRODUTOR CULTURAL,1,0,0,0.2,0.2
UNIV. FEDERAL RURAL DO RIO DE JANEIRO,PROFESSOR DO MAGISTERIO SUPERIOR,69,7,0.1,13.8,6.800000000000001
UNIV. FEDERAL RURAL DO RIO DE JANEIRO,PROFESSOR ENS BASICO TECN TECNOLOGICO,2,0,0,0.4,0.4
UNIV. FEDERAL RURAL DO RIO DE JANEIRO,PSICOLOGO-AREA,1,0,0,0.2,0.2
UNIV. FEDERAL RURAL DO RIO DE JANEIRO,TEC DE TECNOLOGIA DA INFORMACAO,3,0,0,0.6000000000000001,0.6000000000000001
UNIV. FEDERAL RURAL DO RIO DE JANEIRO,TECNICO EM AGROPECUARIA,2,0,0,0.4,0.4
UNIV. FEDERAL RURAL DO RIO DE JANEIRO,TECNICO EM ASSUNTOS EDUCACIONAIS,1,1,1,0.2,-0.8
UNIV. FEDERAL RURAL DO RIO DE JANEIRO,TECNICO EM CONTABILIDADE,1,1,1,0.2,-0.8
UNIV. FEDERAL RURAL DO RIO DE JANEIRO,TECNICO EM FARMACIA,1,0,0,0.2,0.2
UNIV.FED. DA INTEGRACAO LATINO-AMERICANA,ADMINISTRADOR,1,1,1,0.2,-0.8
UNIV.FED. DA INTEGRACAO LATINO-AMERICANA,ANALISTA DE TEC DA INFORMACAO,3,0,0,0.6000000000000001,0.6000000000000001
UNIV.FED. DA INTEGRACAO LATINO-AMERICANA,ASSISTENTE EM ADMINISTRACAO,23,6,0.26,4.6000000000000005,-1.3999999999999995
UNIV.FED. DA INTEGRACAO LATINO-AMERICANA,ENFERMEIRO-AREA,1,0,0,0.2,0.2
UNIV.FED. DA INTEGRACAO LATINO-AMERICANA,PROFESSOR DO MAGISTERIO SUPERIOR,26,2,0.08,5.2,3.2
UNIV.FED. DA INTEGRACAO LATINO-AMERICANA,TEC DE TECNOLOGIA DA INFORMACAO,6,0,0,1.2000000000000002,1.2000000000000002
UNIV.FED. DA INTEGRACAO LATINO-AMERICANA,TECNICO DE LABORATORIO AREA,2,0,0,0.4,0.4
UNIV.FED. DA INTEGRACAO LATINO-AMERICANA,TECNICO EM ASSUNTOS EDUCACIONAIS,12,3,0.25,2.4000000000000004,-0.5999999999999996
UNIV.FED. DA INTEGRACAO LATINO-AMERICANA,TECNICO EM CONTABILIDADE,3,1,0.33,0.6000000000000001,-0.3999999999999999
UNIVER. FEDERAL DO AGRESTE DE PERNAMBUCO,ADMINISTRADOR,1,1,1,0.2,-0.8
UNIVER. FEDERAL DO AGRESTE DE PERNAMBUCO,ANALISTA DE TEC DA INFORMACAO,4,0,0,0.8,0.8
UNIVER. FEDERAL DO AGRESTE DE PERNAMBUCO,ARQUITETO E URBANISTA,1,0,0,0.2,0.2
UNIVER. FEDERAL DO AGRESTE DE PERNAMBUCO,ASSISTENTE EM ADMINISTRACAO,25,5,0.2,5,0
UNIVER. FEDERAL DO AGRESTE DE PERNAMBUCO,ASSISTENTE SOCIAL,2,0,0,0.4,0.4
UNIVER. FEDERAL DO AGRESTE DE PERNAMBUCO,AUDITOR,1,0,0,0.2,0.2
UNIVER. FEDERAL DO AGRESTE DE PERNAMBUCO,BIBLIOTECARIO-DOCUMENTALISTA,1,0,0,0.2,0.2
UNIVER. FEDERAL DO AGRESTE DE PERNAMBUCO,CONTADOR,2,0,0,0.4,0.4
UNIVER. FEDERAL DO AGRESTE DE PERNAMBUCO,ENGENHEIRO DE SEG DO TRABALHO,1,0,0,0.2,0.2
UNIVER. FEDERAL DO AGRESTE DE PERNAMBUCO,ENGENHEIRO-AREA,2,0,0,0.4,0.4
UNIVER. FEDERAL DO AGRESTE DE PERNAMBUCO,MEDICO - PCCTAE,3,1,0.33,0.6000000000000001,-0.3999999999999999
UNIVER. FEDERAL DO AGRESTE DE PERNAMBUCO,PEDAGOGO-AREA,1,0,0,0.2,0.2
UNIVER. FEDERAL DO AGRESTE DE PERNAMBUCO,PROFESSOR DO MAGISTERIO SUPERIOR,4,0,0,0.8,0.8
UNIVER. FEDERAL DO AGRESTE DE PERNAMBUCO,TEC DE TECNOLOGIA DA INFORMACAO,6,2,0.33,1.2000000000000002,-0.7999999999999998
UNIVER. FEDERAL DO AGRESTE DE PERNAMBUCO,TECNICO DE LABORATORIO AREA,2,0,0,0.4,0.4
UNIVER. FEDERAL DO AGRESTE DE PERNAMBUCO,TECNICO EM ASSUNTOS EDUCACIONAIS,3,1,0.33,0.6000000000000001,-0.3999999999999999
UNIVER. FEDERAL DO AGRESTE DE PERNAMBUCO,TECNICO EM CONTABILIDADE,2,1,0.5,0.4,-0.6
UNIVER. FEDERAL DO AGRESTE DE PERNAMBUCO,TECNOLOGO-FORMACAO,1,1,1,0.2,-0.8
UNIVER. FEDERAL DO AGRESTE DE PERNAMBUCO,ZOOTECNISTA,1,0,0,0.2,0.2
UNIVERS. TECNOLOGICA FEDERAL DO PARANA,ADMINISTRADOR,1,0,0,0.2,0.2
UNIVERS. TECNOLOGICA FEDERAL DO PARANA,ANALISTA DE TEC DA INFORMACAO,5,1,0.2,1,0
UNIVERS. TECNOLOGICA FEDERAL DO PARANA,ASSISTENTE DE ALUNO,4,0,0,0.8,0.8
UNIVERS. TECNOLOGICA FEDERAL DO PARANA,ASSISTENTE EM ADMINISTRACAO,40,3,0.07,8,5
UNIVERS. TECNOLOGICA FEDERAL DO PARANA,ASSISTENTE SOCIAL,2,0,0,0.4,0.4
UNIVERS. TECNOLOGICA FEDERAL DO PARANA,PEDAGOGO-AREA,4,0,0,0.8,0.8
UNIVERS. TECNOLOGICA FEDERAL DO PARANA,PROFESSOR DO MAGISTERIO SUPERIOR,77,2,0.03,15.4,13.4
UNIVERS. TECNOLOGICA FEDERAL DO PARANA,PSICOLOGO-AREA,1,0,0,0.2,0.2
UNIVERS. TECNOLOGICA FEDERAL DO PARANA,TEC DE TECNOLOGIA DA INFORMACAO,7,0,0,1.4000000000000001,1.4000000000000001
UNIVERS. TECNOLOGICA FEDERAL DO PARANA,TECNICO DE LABORATORIO AREA,2,0,0,0.4,0.4
UNIVERS. TECNOLOGICA FEDERAL DO PARANA,TECNICO EM ASSUNTOS EDUCACIONAIS,1,0,0,0.2,0.2
UNIVERSIDADE DO RIO DE JANEIRO,MEDICO - PCCTAE,1,1,1,0.2,-0.8
UNIVERSIDADE DO RIO DE JANEIRO,PROFESSOR DO MAGISTERIO SUPERIOR,61,6,0.1,12.200000000000001,6.200000000000001
UNIVERSIDADE FED. DO RIO GRANDE DO NORTE,ADMINISTRADOR,1,0,0,0.2,0.2
UNIVERSIDADE FED. DO RIO GRANDE DO NORTE,ANALISTA DE TEC DA INFORMACAO,5,1,0.2,1,0
UNIVERSIDADE FED. DO RIO GRANDE DO NORTE,ARQUIVISTA,2,0,0,0.4,0.4
UNIVERSIDADE FED. DO RIO GRANDE DO NORTE,ASSISTENTE DE ALUNO,3,1,0.33,0.6000000000000001,-0.3999999999999999
UNIVERSIDADE FED. DO RIO GRANDE DO NORTE,ASSISTENTE EM ADMINISTRACAO,57,10,0.18,11.4,1.4000000000000004
UNIVERSIDADE FED. DO RIO GRANDE DO NORTE,ASSISTENTE SOCIAL,2,0,0,0.4,0.4
UNIVERSIDADE FED. DO RIO GRANDE DO NORTE,BIBLIOTECARIO-DOCUMENTALISTA,1,0,0,0.2,0.2
UNIVERSIDADE FED. DO RIO GRANDE DO NORTE,BIOMEDICO,2,0,0,0.4,0.4
UNIVERSIDADE FED. DO RIO GRANDE DO NORTE,ENFERMEIRO-AREA,3,0,0,0.6000000000000001,0.6000000000000001
UNIVERSIDADE FED. DO RIO GRANDE DO NORTE,ENGENHEIRO-AREA,1,0,0,0.2,0.2
UNIVERSIDADE FED. DO RIO GRANDE DO NORTE,ESTATISTICO,1,0,0,0.2,0.2
UNIVERSIDADE FED. DO RIO GRANDE DO NORTE,FARMACEUTICO,1,0,0,0.2,0.2
UNIVERSIDADE FED. DO RIO GRANDE DO NORTE,FISIOTERAPEUTA,3,1,0.33,0.6000000000000001,-0.3999999999999999
UNIVERSIDADE FED. DO RIO GRANDE DO NORTE,FONOAUDIOLOGO,2,0,0,0.4,0.4
UNIVERSIDADE FED. DO RIO GRANDE DO NORTE,MEDICO - PCCTAE,10,1,0.1,2,1
UNIVERSIDADE FED. DO RIO GRANDE DO NORTE,NUTRICIONISTA-HABILITACAO,3,1,0.33,0.6000000000000001,-0.3999999999999999
UNIVERSIDADE FED. DO RIO GRANDE DO NORTE,PEDAGOGO-AREA,2,0,0,0.4,0.4
UNIVERSIDADE FED. DO RIO GRANDE DO NORTE,PROFESSOR DO MAGISTERIO SUPERIOR,86,2,0.02,17.2,15.2
UNIVERSIDADE FED. DO RIO GRANDE DO NORTE,PROFESSOR ENS BASICO TECN TECNOLOGICO,5,0,0,1,1
UNIVERSIDADE FED. DO RIO GRANDE DO NORTE,QUIMICO,1,0,0,0.2,0.2
UNIVERSIDADE FED. DO RIO GRANDE DO NORTE,TEC DE TECNOLOGIA DA INFORMACAO,28,6,0.21,5.6000000000000005,-0.39999999999999947
UNIVERSIDADE FED. DO RIO GRANDE DO NORTE,TECNICO DE LABORATORIO AREA,19,3,0.16,3.8000000000000003,0.8000000000000003
UNIVERSIDADE FED. DO RIO GRANDE DO NORTE,TECNICO EM ASSUNTOS EDUCACIONAIS,3,1,0.33,0.6000000000000001,-0.3999999999999999
UNIVERSIDADE FED. DO RIO GRANDE DO NORTE,TECNICO EM CONTABILIDADE,3,1,0.33,0.6000000000000001,-0.3999999999999999
UNIVERSIDADE FED. DO RIO GRANDE DO NORTE,TECNICO EM ENFERMAGEM,3,0,0,0.6000000000000001,0.6000000000000001
UNIVERSIDADE FED. DO RIO GRANDE DO NORTE,TECNICO EM RADIOLOGIA,1,0,0,0.2,0.2
UNIVERSIDADE FED. DO RIO GRANDE DO SUL,ADMINISTRADOR,7,0,0,1.4000000000000001,1.4000000000000001
UNIVERSIDADE FED. DO RIO GRANDE DO SUL,ANALISTA DE TEC DA INFORMACAO,5,1,0.2,1,0
UNIVERSIDADE FED. DO RIO GRANDE DO SUL,ASSISTENTE DE ALUNO,3,0,0,0.6000000000000001,0.6000000000000001
UNIVERSIDADE FED. DO RIO GRANDE DO SUL,ASSISTENTE EM ADMINISTRACAO,129,30,0.23,25.8,-4.199999999999999
UNIVERSIDADE FED. DO RIO GRANDE DO SUL,ASSISTENTE SOCIAL,1,1,1,0.2,-0.8
UNIVERSIDADE FED. DO RIO GRANDE DO SUL,BIBLIOTECARIO-DOCUMENTALISTA,4,0,0,0.8,0.8
UNIVERSIDADE FED. DO RIO GRANDE DO SUL,CONTADOR,1,0,0,0.2,0.2
UNIVERSIDADE FED. DO RIO GRANDE DO SUL,ECONOMISTA,1,0,0,0.2,0.2
UNIVERSIDADE FED. DO RIO GRANDE DO SUL,ENGENHEIRO DE SEG DO TRABALHO,5,0,0,1,1
UNIVERSIDADE FED. DO RIO GRANDE DO SUL,ENGENHEIRO-AREA,4,1,0.25,0.8,-0.19999999999999996
UNIVERSIDADE FED. DO RIO GRANDE DO SUL,FARMACEUTICO,2,0,0,0.4,0.4
UNIVERSIDADE FED. DO RIO GRANDE DO SUL,MEDICO VETERINARIO - PCCTAE,2,0,0,0.4,0.4
UNIVERSIDADE FED. DO RIO GRANDE DO SUL,NUTRICIONISTA-HABILITACAO,1,0,0,0.2,0.2
UNIVERSIDADE FED. DO RIO GRANDE DO SUL,PEDAGOGO-AREA,2,0,0,0.4,0.4
UNIVERSIDADE FED. DO RIO GRANDE DO SUL,PROFESSOR DO MAGISTERIO SUPERIOR,213,7,0.03,42.6,35.6
UNIVERSIDADE FED. DO RIO GRANDE DO SUL,PROFESSOR ENS BASICO TECN TECNOLOGICO,5,0,0,1,1
UNIVERSIDADE FED. DO RIO GRANDE DO SUL,PSICOLOGO-AREA,1,0,0,0.2,0.2
UNIVERSIDADE FED. DO RIO GRANDE DO SUL,TECNICO DE LABORATORIO AREA,35,2,0.06,7,5
UNIVERSIDADE FED. DO RIO GRANDE DO SUL,TECNICO EM ASSUNTOS EDUCACIONAIS,10,2,0.2,2,0
UNIVERSIDADE FED. DO RIO GRANDE DO SUL,TECNICO EM CONTABILIDADE,1,0,0,0.2,0.2
UNIVERSIDADE FED. RURAL DO SEMI-ARIDO,ADMINISTRADOR,2,0,0,0.4,0.4
UNIVERSIDADE FED. RURAL DO SEMI-ARIDO,ANALISTA DE TEC DA INFORMACAO,2,1,0.5,0.4,-0.6
UNIVERSIDADE FED. RURAL DO SEMI-ARIDO,ASSISTENTE EM ADMINISTRACAO,9,0,0,1.8,1.8
UNIVERSIDADE FED. RURAL DO SEMI-ARIDO,AUDITOR,1,1,1,0.2,-0.8
UNIVERSIDADE FED. RURAL DO SEMI-ARIDO,BIBLIOTECARIO-DOCUMENTALISTA,1,0,0,0.2,0.2
UNIVERSIDADE FED. RURAL DO SEMI-ARIDO,CONTADOR,1,0,0,0.2,0.2
UNIVERSIDADE FED. RURAL DO SEMI-ARIDO,ECONOMISTA,2,0,0,0.4,0.4
UNIVERSIDADE FED. RURAL DO SEMI-ARIDO,ENGENHEIRO DE SEG DO TRABALHO,2,0,0,0.4,0.4
UNIVERSIDADE FED. RURAL DO SEMI-ARIDO,ENGENHEIRO-AREA,2,0,0,0.4,0.4
UNIVERSIDADE FED. RURAL DO SEMI-ARIDO,ESTATISTICO,1,0,0,0.2,0.2
UNIVERSIDADE FED. RURAL DO SEMI-ARIDO,MEDICO VETERINARIO - PCCTAE,2,1,0.5,0.4,-0.6
UNIVERSIDADE FED. RURAL DO SEMI-ARIDO,NUTRICIONISTA-HABILITACAO,2,0,0,0.4,0.4
UNIVERSIDADE FED. RURAL DO SEMI-ARIDO,PROFESSOR DO MAGISTERIO SUPERIOR,42,0,0,8.4,8.4
UNIVERSIDADE FED. RURAL DO SEMI-ARIDO,PSICOLOGO-AREA,1,0,0,0.2,0.2
UNIVERSIDADE FED. RURAL DO SEMI-ARIDO,TEC DE TECNOLOGIA DA INFORMACAO,1,0,0,0.2,0.2
UNIVERSIDADE FED. RURAL DO SEMI-ARIDO,TECNICO DE LABORATORIO AREA,4,0,0,0.8,0.8
UNIVERSIDADE FED. RURAL DO SEMI-ARIDO,TECNICO DESPORTIVO,1,0,0,0.2,0.2
UNIVERSIDADE FED. RURAL DO SEMI-ARIDO,TECNICO EM ASSUNTOS EDUCACIONAIS,2,0,0,0.4,0.4
UNIVERSIDADE FED. RURAL DO SEMI-ARIDO,TECNICO EM CONTABILIDADE,4,0,0,0.8,0.8
UNIVERSIDADE FED. RURAL DO SEMI-ARIDO,TECNICO EM ENFERMAGEM,2,0,0,0.4,0.4
UNIVERSIDADE FED. RURAL DO SEMI-ARIDO,TECNICO EM RADIOLOGIA,1,0,0,0.2,0.2
UNIVERSIDADE FED. SUL SUDESTE DO PARA,ADMINISTRADOR,19,2,0.11,3.8000000000000003,1.8000000000000003
UNIVERSIDADE FED. SUL SUDESTE DO PARA,ANALISTA DE TEC DA INFORMACAO,7,1,0.14,1.4000000000000001,0.40000000000000013
UNIVERSIDADE FED. SUL SUDESTE DO PARA,ARQUITETO E URBANISTA,2,0,0,0.4,0.4
UNIVERSIDADE FED. SUL SUDESTE DO PARA,ASSISTENTE EM ADMINISTRACAO,38,11,0.29,7.6000000000000005,-3.3999999999999995
UNIVERSIDADE FED. SUL SUDESTE DO PARA,ASSISTENTE SOCIAL,1,0,0,0.2,0.2
UNIVERSIDADE FED. SUL SUDESTE DO PARA,BIBLIOTECARIO-DOCUMENTALISTA,4,1,0.25,0.8,-0.19999999999999996
UNIVERSIDADE FED. SUL SUDESTE DO PARA,CONTADOR,3,1,0.33,0.6000000000000001,-0.3999999999999999
UNIVERSIDADE FED. SUL SUDESTE DO PARA,ENGENHEIRO-AREA,3,0,0,0.6000000000000001,0.6000000000000001
UNIVERSIDADE FED. SUL SUDESTE DO PARA,MEDICO - PCCTAE,1,0,0,0.2,0.2
UNIVERSIDADE FED. SUL SUDESTE DO PARA,MEDICO VETERINARIO - PCCTAE,1,0,0,0.2,0.2
UNIVERSIDADE FED. SUL SUDESTE DO PARA,PEDAGOGO-AREA,6,1,0.17,1.2000000000000002,0.20000000000000018
UNIVERSIDADE FED. SUL SUDESTE DO PARA,PRODUTOR CULTURAL,1,0,0,0.2,0.2
UNIVERSIDADE FED. SUL SUDESTE DO PARA,PROFESSOR DO MAGISTERIO SUPERIOR,28,1,0.04,5.6000000000000005,4.6000000000000005
UNIVERSIDADE FED. SUL SUDESTE DO PARA,TEC DE TECNOLOGIA DA INFORMACAO,1,0,0,0.2,0.2
UNIVERSIDADE FED. SUL SUDESTE DO PARA,TECNICO DE LABORATORIO AREA,6,1,0.17,1.2000000000000002,0.20000000000000018
UNIVERSIDADE FED. SUL SUDESTE DO PARA,TECNICO EM ASSUNTOS EDUCACIONAIS,10,2,0.2,2,0
UNIVERSIDADE FED. SUL SUDESTE DO PARA,TECNICO EM CONTABILIDADE,1,0,0,0.2,0.2
UNIVERSIDADE FED.DO TRIANGULO MINEIRO,ADMINISTRADOR,3,1,0.33,0.6000000000000001,-0.3999999999999999
UNIVERSIDADE FED.DO TRIANGULO MINEIRO,ANALISTA DE TEC DA INFORMACAO,3,1,0.33,0.6000000000000001,-0.3999999999999999
UNIVERSIDADE FED.DO TRIANGULO MINEIRO,ASSISTENTE EM ADMINISTRACAO,36,7,0.19,7.2,0.20000000000000018
UNIVERSIDADE FED.DO TRIANGULO MINEIRO,AUDITOR,2,1,0.5,0.4,-0.6
UNIVERSIDADE FED.DO TRIANGULO MINEIRO,BIBLIOTECARIO-DOCUMENTALISTA,1,1,1,0.2,-0.8
UNIVERSIDADE FED.DO TRIANGULO MINEIRO,ECONOMISTA,1,1,1,0.2,-0.8
UNIVERSIDADE FED.DO TRIANGULO MINEIRO,ENFERMEIRO-AREA,2,0,0,0.4,0.4
UNIVERSIDADE FED.DO TRIANGULO MINEIRO,FARMACEUTICO BIOQUIMICO,1,0,0,0.2,0.2
UNIVERSIDADE FED.DO TRIANGULO MINEIRO,FISIOTERAPEUTA,2,0,0,0.4,0.4
UNIVERSIDADE FED.DO TRIANGULO MINEIRO,MEDICO - PCCTAE,7,0,0,1.4000000000000001,1.4000000000000001
UNIVERSIDADE FED.DO TRIANGULO MINEIRO,NUTRICIONISTA-HABILITACAO,2,1,0.5,0.4,-0.6
UNIVERSIDADE FED.DO TRIANGULO MINEIRO,PEDAGOGO-AREA,1,0,0,0.2,0.2
UNIVERSIDADE FED.DO TRIANGULO MINEIRO,PROFESSOR DO MAGISTERIO SUPERIOR,36,1,0.03,7.2,6.2
UNIVERSIDADE FED.DO TRIANGULO MINEIRO,PSICOLOGO-AREA,1,0,0,0.2,0.2
UNIVERSIDADE FED.DO TRIANGULO MINEIRO,QUIMICO,1,0,0,0.2,0.2
UNIVERSIDADE FED.DO TRIANGULO MINEIRO,TEC DE TECNOLOGIA DA INFORMACAO,12,2,0.17,2.4000000000000004,0.40000000000000036
UNIVERSIDADE FED.DO TRIANGULO MINEIRO,TECNICO DE LABORATORIO AREA,4,0,0,0.8,0.8
UNIVERSIDADE FED.DO TRIANGULO MINEIRO,TECNICO EM AGROPECUARIA,1,0,0,0.2,0.2
UNIVERSIDADE FED.DO TRIANGULO MINEIRO,TECNICO EM ASSUNTOS EDUCACIONAIS,4,0,0,0.8,0.8
UNIVERSIDADE FED.DO TRIANGULO MINEIRO,TECNICO EM FARMACIA,1,0,0,0.2,0.2
UNIVERSIDADE FED.DO TRIANGULO MINEIRO,TECNOLOGO-FORMACAO,1,0,0,0.2,0.2
UNIVERSIDADE FEDERAL DA BAHIA,ANALISTA DE TEC DA INFORMACAO,9,2,0.22,1.8,-0.19999999999999996
UNIVERSIDADE FEDERAL DA BAHIA,ASSISTENTE EM ADMINISTRACAO,55,11,0.2,11,0
UNIVERSIDADE FEDERAL DA BAHIA,ASSISTENTE SOCIAL,1,0,0,0.2,0.2
UNIVERSIDADE FEDERAL DA BAHIA,ENGENHEIRO-AREA,4,0,0,0.8,0.8
UNIVERSIDADE FEDERAL DA BAHIA,FARMACEUTICO BIOQUIMICO,2,1,0.5,0.4,-0.6
UNIVERSIDADE FEDERAL DA BAHIA,MEDICO - PCCTAE,4,0,0,0.8,0.8
UNIVERSIDADE FEDERAL DA BAHIA,MEDICO VETERINARIO - PCCTAE,1,0,0,0.2,0.2
UNIVERSIDADE FEDERAL DA BAHIA,MUSICO,2,0,0,0.4,0.4
UNIVERSIDADE FEDERAL DA BAHIA,PROFESSOR DO MAGISTERIO SUPERIOR,166,11,0.07,33.2,22.200000000000003
UNIVERSIDADE FEDERAL DA BAHIA,PROFESSOR ENS BASICO TECN TECNOLOGICO,1,0,0,0.2,0.2
UNIVERSIDADE FEDERAL DA BAHIA,TEC DE TECNOLOGIA DA INFORMACAO,14,1,0.07,2.8000000000000003,1.8000000000000003
UNIVERSIDADE FEDERAL DA BAHIA,TECNICO DE LABORATORIO AREA,8,1,0.12,1.6,0.6000000000000001
UNIVERSIDADE FEDERAL DA BAHIA,TECNICO EM ASSUNTOS EDUCACIONAIS,6,2,0.33,1.2000000000000002,-0.7999999999999998
UNIVERSIDADE FEDERAL DA BAHIA,TECNICO EM CONTABILIDADE,6,1,0.17,1.2000000000000002,0.20000000000000018
UNIVERSIDADE FEDERAL DA BAHIA,TECNICO EM ENFERMAGEM,3,1,0.33,0.6000000000000001,-0.3999999999999999
UNIVERSIDADE FEDERAL DA BAHIA,TECNICO EM RADIOLOGIA,1,0,0,0.2,0.2
UNIVERSIDADE FEDERAL DA FRONTEIRA SUL,ADMINISTRADOR,2,0,0,0.4,0.4
UNIVERSIDADE FEDERAL DA FRONTEIRA SUL,ANALISTA DE TEC DA INFORMACAO,4,0,0,0.8,0.8
UNIVERSIDADE FEDERAL DA FRONTEIRA SUL,ASSISTENTE EM ADMINISTRACAO,22,1,0.05,4.4,3.4000000000000004
UNIVERSIDADE FEDERAL DA FRONTEIRA SUL,BIBLIOTECARIO-DOCUMENTALISTA,2,1,0.5,0.4,-0.6
UNIVERSIDADE FEDERAL DA FRONTEIRA SUL,PROFESSOR DO MAGISTERIO SUPERIOR,63,0,0,12.600000000000001,12.600000000000001
UNIVERSIDADE FEDERAL DA FRONTEIRA SUL,TECNICO DE LABORATORIO AREA,1,0,0,0.2,0.2
UNIVERSIDADE FEDERAL DA FRONTEIRA SUL,TECNICO EM ENFERMAGEM,1,0,0,0.2,0.2
UNIVERSIDADE FEDERAL DA PARAIBA,ADMINISTRADOR,5,2,0.4,1,-1
UNIVERSIDADE FEDERAL DA PARAIBA,ANALISTA DE TEC DA INFORMACAO,5,1,0.2,1,0
UNIVERSIDADE FEDERAL DA PARAIBA,ASSISTENTE DE ALUNO,1,0,0,0.2,0.2
UNIVERSIDADE FEDERAL DA PARAIBA,ASSISTENTE EM ADMINISTRACAO,105,15,0.14,21,6
UNIVERSIDADE FEDERAL DA PARAIBA,ASSISTENTE SOCIAL,3,1,0.33,0.6000000000000001,-0.3999999999999999
UNIVERSIDADE FEDERAL DA PARAIBA,BIBLIOTECARIO-DOCUMENTALISTA,5,0,0,1,1
UNIVERSIDADE FEDERAL DA PARAIBA,BIOLOGO,1,0,0,0.2,0.2
UNIVERSIDADE FEDERAL DA PARAIBA,CONTADOR,2,0,0,0.4,0.4
UNIVERSIDADE FEDERAL DA PARAIBA,ECONOMISTA,2,0,0,0.4,0.4
UNIVERSIDADE FEDERAL DA PARAIBA,ENFERMEIRO-AREA,3,0,0,0.6000000000000001,0.6000000000000001
UNIVERSIDADE FEDERAL DA PARAIBA,ENGENHEIRO AGRONOMO,2,0,0,0.4,0.4
UNIVERSIDADE FEDERAL DA PARAIBA,ENGENHEIRO-AREA,1,0,0,0.2,0.2
UNIVERSIDADE FEDERAL DA PARAIBA,MEDICO - PCCTAE,5,0,0,1,1
UNIVERSIDADE FEDERAL DA PARAIBA,MUSICO,1,0,0,0.2,0.2
UNIVERSIDADE FEDERAL DA PARAIBA,NUTRICIONISTA-HABILITACAO,3,0,0,0.6000000000000001,0.6000000000000001
UNIVERSIDADE FEDERAL DA PARAIBA,ODONTOLOGO - 40 HORAS,1,1,1,0.2,-0.8
UNIVERSIDADE FEDERAL DA PARAIBA,PRODUTOR CULTURAL,3,1,0.33,0.6000000000000001,-0.3999999999999999
UNIVERSIDADE FEDERAL DA PARAIBA,PROFESSOR DO MAGISTERIO SUPERIOR,143,7,0.05,28.6,21.6
UNIVERSIDADE FEDERAL DA PARAIBA,PROFESSOR ENS BASICO TECN TECNOLOGICO,8,1,0.12,1.6,0.6000000000000001
UNIVERSIDADE FEDERAL DA PARAIBA,TEC DE TECNOLOGIA DA INFORMACAO,18,2,0.11,3.6,1.6
UNIVERSIDADE FEDERAL DA PARAIBA,TECNICO DE LABORATORIO AREA,27,3,0.11,5.4,2.4000000000000004
UNIVERSIDADE FEDERAL DA PARAIBA,TECNICO EM ASSUNTOS EDUCACIONAIS,5,1,0.2,1,0
UNIVERSIDADE FEDERAL DA PARAIBA,TECNICO EM CONTABILIDADE,7,1,0.14,1.4000000000000001,0.40000000000000013
UNIVERSIDADE FEDERAL DA PARAIBA,TECNICO EM ENFERMAGEM,6,0,0,1.2000000000000002,1.2000000000000002
UNIVERSIDADE FEDERAL DA PARAIBA,TECNOLOGO-FORMACAO,2,0,0,0.4,0.4
UNIVERSIDADE FEDERAL DE ALAGOAS,ADMINISTRADOR,5,1,0.2,1,0
UNIVERSIDADE FEDERAL DE ALAGOAS,ANALISTA DE TEC DA INFORMACAO,2,0,0,0.4,0.4
UNIVERSIDADE FEDERAL DE ALAGOAS,ASSISTENTE EM ADMINISTRACAO,36,7,0.19,7.2,0.20000000000000018
UNIVERSIDADE FEDERAL DE ALAGOAS,ASSISTENTE SOCIAL,1,0,0,0.2,0.2
UNIVERSIDADE FEDERAL DE ALAGOAS,ENFERMEIRO-AREA,1,0,0,0.2,0.2
UNIVERSIDADE FEDERAL DE ALAGOAS,ENGENHEIRO-AREA,8,1,0.12,1.6,0.6000000000000001
UNIVERSIDADE FEDERAL DE ALAGOAS,MEDICO - PCCTAE,12,0,0,2.4000000000000004,2.4000000000000004
UNIVERSIDADE FEDERAL DE ALAGOAS,MEDICO VETERINARIO - PCCTAE,1,0,0,0.2,0.2
UNIVERSIDADE FEDERAL DE ALAGOAS,MUSICO,1,0,0,0.2,0.2
UNIVERSIDADE FEDERAL DE ALAGOAS,ODONTOLOGO - 40 HORAS,1,0,0,0.2,0.2
UNIVERSIDADE FEDERAL DE ALAGOAS,PROFESSOR DO MAGISTERIO SUPERIOR,58,0,0,11.600000000000001,11.600000000000001
UNIVERSIDADE FEDERAL DE ALAGOAS,PROFESSOR ENS BASICO TECN TECNOLOGICO,6,1,0.17,1.2000000000000002,0.20000000000000018
UNIVERSIDADE FEDERAL DE ALAGOAS,PSICOLOGO-AREA,1,0,0,0.2,0.2
UNIVERSIDADE FEDERAL DE ALAGOAS,TEC DE TECNOLOGIA DA INFORMACAO,7,1,0.14,1.4000000000000001,0.40000000000000013
UNIVERSIDADE FEDERAL DE ALAGOAS,TECNICO DE LABORATORIO AREA,11,2,0.18,2.2,0.20000000000000018
UNIVERSIDADE FEDERAL DE ALAGOAS,TECNICO EM ASSUNTOS EDUCACIONAIS,8,1,0.12,1.6,0.6000000000000001
UNIVERSIDADE FEDERAL DE ALAGOAS,TECNICO EM CONTABILIDADE,5,1,0.2,1,0
UNIVERSIDADE FEDERAL DE ALAGOAS,TECNICO EM ENFERMAGEM,1,0,0,0.2,0.2
UNIVERSIDADE FEDERAL DE ALFENAS,ASSISTENTE EM ADMINISTRACAO,1,0,0,0.2,0.2
UNIVERSIDADE FEDERAL DE ALFENAS,BIOMEDICO,1,0,0,0.2,0.2
UNIVERSIDADE FEDERAL DE ALFENAS,CONTADOR,1,0,0,0.2,0.2
UNIVERSIDADE FEDERAL DE ALFENAS,FARMACEUTICO,2,0,0,0.4,0.4
UNIVERSIDADE FEDERAL DE ALFENAS,MEDICO - PCCTAE,2,0,0,0.4,0.4
UNIVERSIDADE FEDERAL DE ALFENAS,PROFESSOR DO MAGISTERIO SUPERIOR,24,0,0,4.800000000000001,4.800000000000001
UNIVERSIDADE FEDERAL DE ALFENAS,TECNICO DE LABORATORIO AREA,9,1,0.11,1.8,0.8
UNIVERSIDADE FEDERAL DE ALFENAS,TECNICO EM ASSUNTOS EDUCACIONAIS,5,1,0.2,1,0
UNIVERSIDADE FEDERAL DE ALFENAS,TECNICO EM ENFERMAGEM,2,0,0,0.4,0.4
UNIVERSIDADE FEDERAL DE CAMPINA GRANDE,ADMINISTRADOR,1,0,0,0.2,0.2
UNIVERSIDADE FEDERAL DE CAMPINA GRANDE,ANALISTA DE TEC DA INFORMACAO,5,1,0.2,1,0
UNIVERSIDADE FEDERAL DE CAMPINA GRANDE,ARQUIVISTA,1,0,0,0.2,0.2
UNIVERSIDADE FEDERAL DE CAMPINA GRANDE,ASSISTENTE DE ALUNO,1,0,0,0.2,0.2
UNIVERSIDADE FEDERAL DE CAMPINA GRANDE,ASSISTENTE EM ADMINISTRACAO,73,16,0.22,14.600000000000001,-1.3999999999999986
UNIVERSIDADE FEDERAL DE CAMPINA GRANDE,CONTADOR,2,0,0,0.4,0.4
UNIVERSIDADE FEDERAL DE CAMPINA GRANDE,ENFERMEIRO-AREA,1,0,0,0.2,0.2
UNIVERSIDADE FEDERAL DE CAMPINA GRANDE,ENGENHEIRO-AREA,8,3,0.38,1.6,-1.4
UNIVERSIDADE FEDERAL DE CAMPINA GRANDE,MEDICO - PCCTAE,3,0,0,0.6000000000000001,0.6000000000000001
UNIVERSIDADE FEDERAL DE CAMPINA GRANDE,MEDICO VETERINARIO - PCCTAE,3,1,0.33,0.6000000000000001,-0.3999999999999999
UNIVERSIDADE FEDERAL DE CAMPINA GRANDE,NUTRICIONISTA-HABILITACAO,3,1,0.33,0.6000000000000001,-0.3999999999999999
UNIVERSIDADE FEDERAL DE CAMPINA GRANDE,PEDAGOGO-AREA,1,0,0,0.2,0.2
UNIVERSIDADE FEDERAL DE CAMPINA GRANDE,PRODUTOR CULTURAL,1,0,0,0.2,0.2
UNIVERSIDADE FEDERAL DE CAMPINA GRANDE,PROFESSOR DO MAGISTERIO SUPERIOR,130,7,0.05,26,19
UNIVERSIDADE FEDERAL DE CAMPINA GRANDE,PROFESSOR ENS BASICO TECN TECNOLOGICO,3,0,0,0.6000000000000001,0.6000000000000001
UNIVERSIDADE FEDERAL DE CAMPINA GRANDE,PSICOLOGO-AREA,2,1,0.5,0.4,-0.6
UNIVERSIDADE FEDERAL DE CAMPINA GRANDE,TEC DE TECNOLOGIA DA INFORMACAO,11,2,0.18,2.2,0.20000000000000018
UNIVERSIDADE FEDERAL DE CAMPINA GRANDE,TECNICO DE LABORATORIO AREA,12,0,0,2.4000000000000004,2.4000000000000004
UNIVERSIDADE FEDERAL DE CAMPINA GRANDE,TECNICO DESPORTIVO,1,0,0,0.2,0.2
UNIVERSIDADE FEDERAL DE CAMPINA GRANDE,TECNICO EM AGROPECUARIA,1,0,0,0.2,0.2
UNIVERSIDADE FEDERAL DE CAMPINA GRANDE,TECNICO EM ASSUNTOS EDUCACIONAIS,3,1,0.33,0.6000000000000001,-0.3999999999999999
UNIVERSIDADE FEDERAL DE CAMPINA GRANDE,TECNICO EM CONTABILIDADE,14,1,0.07,2.8000000000000003,1.8000000000000003
UNIVERSIDADE FEDERAL DE CAMPINA GRANDE,TECNICO EM ENFERMAGEM,5,1,0.2,1,0
UNIVERSIDADE FEDERAL DE CATALAO,ADMINISTRADOR,3,1,0.33,0.6000000000000001,-0.3999999999999999
UNIVERSIDADE FEDERAL DE CATALAO,ANALISTA DE TEC DA INFORMACAO,4,1,0.25,0.8,-0.19999999999999996
UNIVERSIDADE FEDERAL DE CATALAO,ASSISTENTE EM ADMINISTRACAO,31,6,0.19,6.2,0.20000000000000018
UNIVERSIDADE FEDERAL DE CATALAO,ASSISTENTE SOCIAL,1,0,0,0.2,0.2
UNIVERSIDADE FEDERAL DE CATALAO,AUDITOR,1,0,0,0.2,0.2
UNIVERSIDADE FEDERAL DE CATALAO,BIBLIOTECARIO-DOCUMENTALISTA,2,0,0,0.4,0.4
UNIVERSIDADE FEDERAL DE CATALAO,CONTADOR,2,1,0.5,0.4,-0.6
UNIVERSIDADE FEDERAL DE CATALAO,ENFERMEIRO-AREA,1,0,0,0.2,0.2
UNIVERSIDADE FEDERAL DE CATALAO,ENGENHEIRO-AREA,3,1,0.33,0.6000000000000001,-0.3999999999999999
UNIVERSIDADE FEDERAL DE CATALAO,PROFESSOR DO MAGISTERIO SUPERIOR,24,0,0,4.800000000000001,4.800000000000001
UNIVERSIDADE FEDERAL DE CATALAO,PSICOLOGO-AREA,2,1,0.5,0.4,-0.6
UNIVERSIDADE FEDERAL DE CATALAO,TEC DE TECNOLOGIA DA INFORMACAO,7,0,0,1.4000000000000001,1.4000000000000001
UNIVERSIDADE FEDERAL DE CATALAO,TECNICO DE LABORATORIO AREA,16,0,0,3.2,3.2
UNIVERSIDADE FEDERAL DE CATALAO,TECNICO EM CONTABILIDADE,3,1,0.33,0.6000000000000001,-0.3999999999999999
UNIVERSIDADE FEDERAL DE GOIAS,ADMINISTRADOR,1,0,0,0.2,0.2
UNIVERSIDADE FEDERAL DE GOIAS,ANALISTA DE TEC DA INFORMACAO,4,0,0,0.8,0.8
UNIVERSIDADE FEDERAL DE GOIAS,ANTROPOLOGO,1,0,0,0.2,0.2
UNIVERSIDADE FEDERAL DE GOIAS,ARQUITETO E URBANISTA,1,1,1,0.2,-0.8
UNIVERSIDADE FEDERAL DE GOIAS,ASSISTENTE EM ADMINISTRACAO,46,12,0.26,9.200000000000001,-2.799999999999999
UNIVERSIDADE FEDERAL DE GOIAS,ASSISTENTE SOCIAL,3,1,0.33,0.6000000000000001,-0.3999999999999999
UNIVERSIDADE FEDERAL DE GOIAS,BIBLIOTECARIO-DOCUMENTALISTA,1,0,0,0.2,0.2
UNIVERSIDADE FEDERAL DE GOIAS,DESENHISTA TECNICO ESPECIALIDADE,3,0,0,0.6000000000000001,0.6000000000000001
UNIVERSIDADE FEDERAL DE GOIAS,ECONOMISTA,1,1,1,0.2,-0.8
UNIVERSIDADE FEDERAL DE GOIAS,ENGENHEIRO-AREA,2,0,0,0.4,0.4
UNIVERSIDADE FEDERAL DE GOIAS,FARMACEUTICO,2,0,0,0.4,0.4
UNIVERSIDADE FEDERAL DE GOIAS,FARMACEUTICO-HABILITACAO,1,0,0,0.2,0.2
UNIVERSIDADE FEDERAL DE GOIAS,GEOGRAFO,1,0,0,0.2,0.2
UNIVERSIDADE FEDERAL DE GOIAS,MEDICO - PCCTAE,1,0,0,0.2,0.2
UNIVERSIDADE FEDERAL DE GOIAS,METEOROLOGISTA,1,0,0,0.2,0.2
UNIVERSIDADE FEDERAL DE GOIAS,NUTRICIONISTA-HABILITACAO,2,0,0,0.4,0.4
UNIVERSIDADE FEDERAL DE GOIAS,ODONTOLOGO - 40 HORAS,2,0,0,0.4,0.4
UNIVERSIDADE FEDERAL DE GOIAS,PEDAGOGO-AREA,2,1,0.5,0.4,-0.6
UNIVERSIDADE FEDERAL DE GOIAS,PRODUTOR CULTURAL,3,1,0.33,0.6000000000000001,-0.3999999999999999
UNIVERSIDADE FEDERAL DE GOIAS,PROFESSOR DO MAGISTERIO SUPERIOR,84,3,0.04,16.8,13.8
UNIVERSIDADE FEDERAL DE GOIAS,PROFESSOR ENS BASICO TECN TECNOLOGICO,14,2,0.14,2.8000000000000003,0.8000000000000003
UNIVERSIDADE FEDERAL DE GOIAS,TEC DE TECNOLOGIA DA INFORMACAO,23,5,0.22,4.6000000000000005,-0.39999999999999947
UNIVERSIDADE FEDERAL DE GOIAS,TECNICO DE LABORATORIO AREA,15,2,0.13,3,1
UNIVERSIDADE FEDERAL DE GOIAS,TECNICO EM AGROPECUARIA,2,0,0,0.4,0.4
UNIVERSIDADE FEDERAL DE GOIAS,TECNICO EM ARTES GRAFICAS,1,0,0,0.2,0.2
UNIVERSIDADE FEDERAL DE GOIAS,TECNICO EM ASSUNTOS EDUCACIONAIS,5,2,0.4,1,-1
UNIVERSIDADE FEDERAL DE GOIAS,TECNICO EM CONTABILIDADE,16,3,0.19,3.2,0.20000000000000018
UNIVERSIDADE FEDERAL DE GOIAS,TECNICO EM ENFERMAGEM,7,1,0.14,1.4000000000000001,0.40000000000000013
UNIVERSIDADE FEDERAL DE GOIAS,TECNICO EM FARMACIA,4,1,0.25,0.8,-0.19999999999999996
UNIVERSIDADE FEDERAL DE GOIAS,TECNOLOGO-FORMACAO,3,0,0,0.6000000000000001,0.6000000000000001
UNIVERSIDADE FEDERAL DE ITAJUBA,ADMINISTRADOR,1,0,0,0.2,0.2
UNIVERSIDADE FEDERAL DE ITAJUBA,ANALISTA DE TEC DA INFORMACAO,1,0,0,0.2,0.2
UNIVERSIDADE FEDERAL DE ITAJUBA,ASSISTENTE EM ADMINISTRACAO,12,3,0.25,2.4000000000000004,-0.5999999999999996
UNIVERSIDADE FEDERAL DE ITAJUBA,CONTADOR,1,0,0,0.2,0.2
UNIVERSIDADE FEDERAL DE ITAJUBA,ENFERMEIRO-AREA,1,0,0,0.2,0.2
UNIVERSIDADE FEDERAL DE ITAJUBA,ENGENHEIRO-AREA,3,0,0,0.6000000000000001,0.6000000000000001
UNIVERSIDADE FEDERAL DE ITAJUBA,PROFESSOR DO MAGISTERIO SUPERIOR,38,1,0.03,7.6000000000000005,6.6000000000000005
UNIVERSIDADE FEDERAL DE ITAJUBA,TEC DE TECNOLOGIA DA INFORMACAO,5,0,0,1,1
UNIVERSIDADE FEDERAL DE ITAJUBA,TECNICO DE LABORATORIO AREA,2,0,0,0.4,0.4
UNIVERSIDADE FEDERAL DE ITAJUBA,TECNICO DESPORTIVO,1,0,0,0.2,0.2
UNIVERSIDADE FEDERAL DE ITAJUBA,TECNICO EM ASSUNTOS EDUCACIONAIS,5,1,0.2,1,0
UNIVERSIDADE FEDERAL DE ITAJUBA,TECNICO EM CONTABILIDADE,3,0,0,0.6000000000000001,0.6000000000000001
UNIVERSIDADE FEDERAL DE JATAI,ADMINISTRADOR,6,1,0.17,1.2000000000000002,0.20000000000000018
UNIVERSIDADE FEDERAL DE JATAI,ANALISTA DE TEC DA INFORMACAO,1,0,0,0.2,0.2
UNIVERSIDADE FEDERAL DE JATAI,ARQUIVISTA,1,0,0,0.2,0.2
UNIVERSIDADE FEDERAL DE JATAI,ASSISTENTE EM ADMINISTRACAO,27,2,0.07,5.4,3.4000000000000004
UNIVERSIDADE FEDERAL DE JATAI,ASSISTENTE SOCIAL,1,1,1,0.2,-0.8
UNIVERSIDADE FEDERAL DE JATAI,AUDITOR,1,0,0,0.2,0.2
UNIVERSIDADE FEDERAL DE JATAI,BIBLIOTECARIO-DOCUMENTALISTA,2,1,0.5,0.4,-0.6
UNIVERSIDADE FEDERAL DE JATAI,CONTADOR,4,2,0.5,0.8,-1.2
UNIVERSIDADE FEDERAL DE JATAI,ENGENHEIRO DE SEG DO TRABALHO,1,0,0,0.2,0.2
UNIVERSIDADE FEDERAL DE JATAI,ENGENHEIRO-AREA,2,0,0,0.4,0.4
UNIVERSIDADE FEDERAL DE JATAI,FISIOTERAPEUTA,1,0,0,0.2,0.2
UNIVERSIDADE FEDERAL DE JATAI,MEDICO - PCCTAE,1,0,0,0.2,0.2
UNIVERSIDADE FEDERAL DE JATAI,PRODUTOR CULTURAL,2,0,0,0.4,0.4
UNIVERSIDADE FEDERAL DE JATAI,PROFESSOR DO MAGISTERIO SUPERIOR,30,2,0.07,6,4
UNIVERSIDADE FEDERAL DE JATAI,PSICOLOGO-AREA,2,1,0.5,0.4,-0.6
UNIVERSIDADE FEDERAL DE JATAI,QUIMICO,1,0,0,0.2,0.2
UNIVERSIDADE FEDERAL DE JATAI,TEC DE TECNOLOGIA DA INFORMACAO,6,1,0.17,1.2000000000000002,0.20000000000000018
UNIVERSIDADE FEDERAL DE JATAI,TECNICO DE LABORATORIO AREA,2,0,0,0.4,0.4
UNIVERSIDADE FEDERAL DE JATAI,TECNICO EM ASSUNTOS EDUCACIONAIS,4,1,0.25,0.8,-0.19999999999999996
UNIVERSIDADE FEDERAL DE JATAI,TECNICO EM CONTABILIDADE,1,0,0,0.2,0.2
UNIVERSIDADE FEDERAL DE JATAI,TECNICO EM ENFERMAGEM,2,0,0,0.4,0.4
UNIVERSIDADE FEDERAL DE JUIZ DE FORA,ARQUITETO E URBANISTA,1,0,0,0.2,0.2
UNIVERSIDADE FEDERAL DE JUIZ DE FORA,ASSISTENTE EM ADMINISTRACAO,34,7,0.21,6.800000000000001,-0.1999999999999993
UNIVERSIDADE FEDERAL DE JUIZ DE FORA,CONTADOR,2,1,0.5,0.4,-0.6
UNIVERSIDADE FEDERAL DE JUIZ DE FORA,ENGENHEIRO-AREA,1,0,0,0.2,0.2
UNIVERSIDADE FEDERAL DE JUIZ DE FORA,NUTRICIONISTA-HABILITACAO,1,0,0,0.2,0.2
UNIVERSIDADE FEDERAL DE JUIZ DE FORA,PROFESSOR DO MAGISTERIO SUPERIOR,96,6,0.06,19.200000000000003,13.200000000000003
UNIVERSIDADE FEDERAL DE JUIZ DE FORA,PROFESSOR ENS BASICO TECN TECNOLOGICO,6,0,0,1.2000000000000002,1.2000000000000002
UNIVERSIDADE FEDERAL DE JUIZ DE FORA,TEC DE TECNOLOGIA DA INFORMACAO,1,0,0,0.2,0.2
UNIVERSIDADE FEDERAL DE JUIZ DE FORA,TECNICO DE LABORATORIO AREA,3,1,0.33,0.6000000000000001,-0.3999999999999999
UNIVERSIDADE FEDERAL DE LAVRAS,ADMINISTRADOR,2,0,0,0.4,0.4
UNIVERSIDADE FEDERAL DE LAVRAS,ANALISTA DE TEC DA INFORMACAO,1,0,0,0.2,0.2
UNIVERSIDADE FEDERAL DE LAVRAS,ASSISTENTE EM ADMINISTRACAO,1,0,0,0.2,0.2
UNIVERSIDADE FEDERAL DE LAVRAS,ENGENHEIRO DE SEG DO TRABALHO,1,1,1,0.2,-0.8
UNIVERSIDADE FEDERAL DE LAVRAS,MEDICO - PCCTAE,1,0,0,0.2,0.2
UNIVERSIDADE FEDERAL DE LAVRAS,NUTRICIONISTA-HABILITACAO,2,0,0,0.4,0.4
UNIVERSIDADE FEDERAL DE LAVRAS,PROFESSOR DO MAGISTERIO SUPERIOR,86,1,0.01,17.2,16.2
UNIVERSIDADE FEDERAL DE LAVRAS,PROFESSOR ENS BASICO TECN TECNOLOGICO,2,0,0,0.4,0.4
UNIVERSIDADE FEDERAL DE LAVRAS,TEC DE TECNOLOGIA DA INFORMACAO,1,0,0,0.2,0.2
UNIVERSIDADE FEDERAL DE LAVRAS,TECNICO DE LABORATORIO AREA,5,1,0.2,1,0
UNIVERSIDADE FEDERAL DE LAVRAS,TECNICO EM AGROPECUARIA,2,2,1,0.4,-1.6
UNIVERSIDADE FEDERAL DE LAVRAS,TECNICO EM ASSUNTOS EDUCACIONAIS,2,0,0,0.4,0.4
UNIVERSIDADE FEDERAL DE MATO GROSSO,ADMINISTRADOR,7,3,0.43,1.4000000000000001,-1.5999999999999999
UNIVERSIDADE FEDERAL DE MATO GROSSO,ANALISTA DE TEC DA INFORMACAO,3,0,0,0.6000000000000001,0.6000000000000001
UNIVERSIDADE FEDERAL DE MATO GROSSO,ARQUITETO E URBANISTA,2,0,0,0.4,0.4
UNIVERSIDADE FEDERAL DE MATO GROSSO,ARQUIVISTA,4,1,0.25,0.8,-0.19999999999999996
UNIVERSIDADE FEDERAL DE MATO GROSSO,ASSISTENTE EM ADMINISTRACAO,33,8,0.24,6.6000000000000005,-1.3999999999999995
UNIVERSIDADE FEDERAL DE MATO GROSSO,ASSISTENTE SOCIAL,1,0,0,0.2,0.2
UNIVERSIDADE FEDERAL DE MATO GROSSO,CONTADOR,3,1,0.33,0.6000000000000001,-0.3999999999999999
UNIVERSIDADE FEDERAL DE MATO GROSSO,ENFERMEIRO-AREA,2,0,0,0.4,0.4
UNIVERSIDADE FEDERAL DE MATO GROSSO,ENGENHEIRO DE SEG DO TRABALHO,2,0,0,0.4,0.4
UNIVERSIDADE FEDERAL DE MATO GROSSO,ENGENHEIRO-AREA,6,0,0,1.2000000000000002,1.2000000000000002
UNIVERSIDADE FEDERAL DE MATO GROSSO,MEDICO - PCCTAE,2,0,0,0.4,0.4
UNIVERSIDADE FEDERAL DE MATO GROSSO,MEDICO VETERINARIO - PCCTAE,1,0,0,0.2,0.2
UNIVERSIDADE FEDERAL DE MATO GROSSO,MUSICO,1,0,0,0.2,0.2
UNIVERSIDADE FEDERAL DE MATO GROSSO,NUTRICIONISTA-HABILITACAO,2,0,0,0.4,0.4
UNIVERSIDADE FEDERAL DE MATO GROSSO,PRODUTOR CULTURAL,1,0,0,0.2,0.2
UNIVERSIDADE FEDERAL DE MATO GROSSO,PROFESSOR DO MAGISTERIO SUPERIOR,84,2,0.02,16.8,14.8
UNIVERSIDADE FEDERAL DE MATO GROSSO,TEC DE TECNOLOGIA DA INFORMACAO,5,0,0,1,1
UNIVERSIDADE FEDERAL DE MATO GROSSO,TECNICO DE LABORATORIO AREA,11,0,0,2.2,2.2
UNIVERSIDADE FEDERAL DE MATO GROSSO,TECNICO DESPORTIVO,3,1,0.33,0.6000000000000001,-0.3999999999999999
UNIVERSIDADE FEDERAL DE MATO GROSSO,TECNICO EM ASSUNTOS EDUCACIONAIS,14,2,0.14,2.8000000000000003,0.8000000000000003
UNIVERSIDADE FEDERAL DE MATO GROSSO,TECNICO EM CONTABILIDADE,10,0,0,2,2
UNIVERSIDADE FEDERAL DE MINAS GERAIS,ADMINISTRADOR,5,1,0.2,1,0
UNIVERSIDADE FEDERAL DE MINAS GERAIS,ANALISTA DE TEC DA INFORMACAO,3,0,0,0.6000000000000001,0.6000000000000001
UNIVERSIDADE FEDERAL DE MINAS GERAIS,ARQUITETO E URBANISTA,3,0,0,0.6000000000000001,0.6000000000000001
UNIVERSIDADE FEDERAL DE MINAS GERAIS,ASSISTENTE EM ADMINISTRACAO,92,25,0.27,18.400000000000002,-6.599999999999998
UNIVERSIDADE FEDERAL DE MINAS GERAIS,ASSISTENTE SOCIAL,1,1,1,0.2,-0.8
UNIVERSIDADE FEDERAL DE MINAS GERAIS,AUDITOR,1,0,0,0.2,0.2
UNIVERSIDADE FEDERAL DE MINAS GERAIS,BIBLIOTECARIO-DOCUMENTALISTA,5,2,0.4,1,-1
UNIVERSIDADE FEDERAL DE MINAS GERAIS,CONTADOR,2,2,1,0.4,-1.6
UNIVERSIDADE FEDERAL DE MINAS GERAIS,ENFERMEIRO-AREA,8,0,0,1.6,1.6
UNIVERSIDADE FEDERAL DE MINAS GERAIS,ENGENHEIRO DE SEG DO TRABALHO,1,1,1,0.2,-0.8
UNIVERSIDADE FEDERAL DE MINAS GERAIS,ENGENHEIRO-AREA,7,0,0,1.4000000000000001,1.4000000000000001
UNIVERSIDADE FEDERAL DE MINAS GERAIS,FARMACEUTICO-HABILITACAO,3,1,0.33,0.6000000000000001,-0.3999999999999999
UNIVERSIDADE FEDERAL DE MINAS GERAIS,FISICO,1,0,0,0.2,0.2
UNIVERSIDADE FEDERAL DE MINAS GERAIS,FISIOTERAPEUTA,3,0,0,0.6000000000000001,0.6000000000000001
UNIVERSIDADE FEDERAL DE MINAS GERAIS,MEDICO - PCCTAE,3,0,0,0.6000000000000001,0.6000000000000001
UNIVERSIDADE FEDERAL DE MINAS GERAIS,MEDICO VETERINARIO - PCCTAE,6,0,0,1.2000000000000002,1.2000000000000002
UNIVERSIDADE FEDERAL DE MINAS GERAIS,PEDAGOGO-AREA,4,1,0.25,0.8,-0.19999999999999996
UNIVERSIDADE FEDERAL DE MINAS GERAIS,PRODUTOR CULTURAL,2,0,0,0.4,0.4
UNIVERSIDADE FEDERAL DE MINAS GERAIS,PROFESSOR DO MAGISTERIO SUPERIOR,252,16,0.06,50.400000000000006,34.400000000000006
UNIVERSIDADE FEDERAL DE MINAS GERAIS,PROFESSOR ENS BASICO TECN TECNOLOGICO,8,2,0.25,1.6,-0.3999999999999999
UNIVERSIDADE FEDERAL DE MINAS GERAIS,PROFESSOR TITULAR-LIVRE MAG SUPERIOR,1,0,0,0.2,0.2
UNIVERSIDADE FEDERAL DE MINAS GERAIS,PSICOLOGO-AREA,1,1,1,0.2,-0.8
UNIVERSIDADE FEDERAL DE MINAS GERAIS,TEC DE TECNOLOGIA DA INFORMACAO,21,4,0.19,4.2,0.20000000000000018
UNIVERSIDADE FEDERAL DE MINAS GERAIS,TECNICO DE LABORATORIO AREA,24,3,0.12,4.800000000000001,1.8000000000000007
UNIVERSIDADE FEDERAL DE MINAS GERAIS,TECNICO EM ASSUNTOS EDUCACIONAIS,4,0,0,0.8,0.8
UNIVERSIDADE FEDERAL DE MINAS GERAIS,TECNICO EM CONTABILIDADE,19,3,0.16,3.8000000000000003,0.8000000000000003
UNIVERSIDADE FEDERAL DE MINAS GERAIS,TECNICO EM ENFERMAGEM,15,5,0.33,3,-2
UNIVERSIDADE FEDERAL DE MINAS GERAIS,TECNICO EM FARMACIA,1,1,1,0.2,-0.8
UNIVERSIDADE FEDERAL DE MINAS GERAIS,TECNICO EM RADIOLOGIA,7,1,0.14,1.4000000000000001,0.40000000000000013
UNIVERSIDADE FEDERAL DE MINAS GERAIS,TERAPEUTA OCUPACIONAL,2,0,0,0.4,0.4
UNIVERSIDADE FEDERAL DE PERNAMBUCO,ADMINISTRADOR,6,2,0.33,1.2000000000000002,-0.7999999999999998
UNIVERSIDADE FEDERAL DE PERNAMBUCO,ANALISTA DE TEC DA INFORMACAO,8,2,0.25,1.6,-0.3999999999999999
UNIVERSIDADE FEDERAL DE PERNAMBUCO,ARQUITETO E URBANISTA,1,0,0,0.2,0.2
UNIVERSIDADE FEDERAL DE PERNAMBUCO,ASSISTENTE EM ADMINISTRACAO,119,24,0.2,23.8,-0.1999999999999993
UNIVERSIDADE FEDERAL DE PERNAMBUCO,ASSISTENTE SOCIAL,1,0,0,0.2,0.2
UNIVERSIDADE FEDERAL DE PERNAMBUCO,BIBLIOTECARIO-DOCUMENTALISTA,3,1,0.33,0.6000000000000001,-0.3999999999999999
UNIVERSIDADE FEDERAL DE PERNAMBUCO,ENGENHEIRO-AREA,2,0,0,0.4,0.4
UNIVERSIDADE FEDERAL DE PERNAMBUCO,FARMACEUTICO-HABILITACAO,3,1,0.33,0.6000000000000001,-0.3999999999999999
UNIVERSIDADE FEDERAL DE PERNAMBUCO,FONOAUDIOLOGO,1,0,0,0.2,0.2
UNIVERSIDADE FEDERAL DE PERNAMBUCO,MEDICO - PCCTAE,8,0,0,1.6,1.6
UNIVERSIDADE FEDERAL DE PERNAMBUCO,MEDICO VETERINARIO - PCCTAE,1,0,0,0.2,0.2
UNIVERSIDADE FEDERAL DE PERNAMBUCO,ODONTOLOGO - 30 HORAS - DL 1445-76,2,0,0,0.4,0.4
UNIVERSIDADE FEDERAL DE PERNAMBUCO,PRODUTOR CULTURAL,3,1,0.33,0.6000000000000001,-0.3999999999999999
UNIVERSIDADE FEDERAL DE PERNAMBUCO,PROFESSOR DO MAGISTERIO SUPERIOR,180,28,0.16,36,8
UNIVERSIDADE FEDERAL DE PERNAMBUCO,PROFESSOR ENS BASICO TECN TECNOLOGICO,2,0,0,0.4,0.4
UNIVERSIDADE FEDERAL DE PERNAMBUCO,PSICOLOGO-AREA,1,0,0,0.2,0.2
UNIVERSIDADE FEDERAL DE PERNAMBUCO,TEC DE TECNOLOGIA DA INFORMACAO,22,3,0.14,4.4,1.4000000000000004
UNIVERSIDADE FEDERAL DE PERNAMBUCO,TECNICO EM ASSUNTOS EDUCACIONAIS,1,0,0,0.2,0.2
UNIVERSIDADE FEDERAL DE PERNAMBUCO,TECNICO EM CONTABILIDADE,27,6,0.22,5.4,-0.5999999999999996
UNIVERSIDADE FEDERAL DE PERNAMBUCO,TECNICO EM ENFERMAGEM,5,0,0,1,1
UNIVERSIDADE FEDERAL DE PERNAMBUCO,TECNICO EM FARMACIA,1,0,0,0.2,0.2
UNIVERSIDADE FEDERAL DE PERNAMBUCO,TECNOLOGO-FORMACAO,1,1,1,0.2,-0.8
UNIVERSIDADE FEDERAL DE PERNAMBUCO,TERAPEUTA OCUPACIONAL,1,0,0,0.2,0.2
UNIVERSIDADE FEDERAL DE RONDONOPOLIS,ADMINISTRADOR,8,2,0.25,1.6,-0.3999999999999999
UNIVERSIDADE FEDERAL DE RONDONOPOLIS,ANALISTA DE TEC DA INFORMACAO,5,0,0,1,1
UNIVERSIDADE FEDERAL DE RONDONOPOLIS,ARQUITETO E URBANISTA,1,0,0,0.2,0.2
UNIVERSIDADE FEDERAL DE RONDONOPOLIS,ASSISTENTE EM ADMINISTRACAO,26,8,0.31,5.2,-2.8
UNIVERSIDADE FEDERAL DE RONDONOPOLIS,CONTADOR,1,0,0,0.2,0.2
UNIVERSIDADE FEDERAL DE RONDONOPOLIS,ENFERMEIRO-AREA,1,0,0,0.2,0.2
UNIVERSIDADE FEDERAL DE RONDONOPOLIS,ENGENHEIRO DE SEG DO TRABALHO,1,0,0,0.2,0.2
UNIVERSIDADE FEDERAL DE RONDONOPOLIS,ENGENHEIRO-AREA,2,0,0,0.4,0.4
UNIVERSIDADE FEDERAL DE RONDONOPOLIS,PEDAGOGO-AREA,2,1,0.5,0.4,-0.6
UNIVERSIDADE FEDERAL DE RONDONOPOLIS,PRODUTOR CULTURAL,1,0,0,0.2,0.2
UNIVERSIDADE FEDERAL DE RONDONOPOLIS,PROFESSOR DO MAGISTERIO SUPERIOR,50,4,0.08,10,6
UNIVERSIDADE FEDERAL DE RONDONOPOLIS,PSICOLOGO-AREA,1,0,0,0.2,0.2
UNIVERSIDADE FEDERAL DE RONDONOPOLIS,TEC DE TECNOLOGIA DA INFORMACAO,5,1,0.2,1,0
UNIVERSIDADE FEDERAL DE RONDONOPOLIS,TECNICO DE LABORATORIO AREA,3,0,0,0.6000000000000001,0.6000000000000001
UNIVERSIDADE FEDERAL DE RONDONOPOLIS,TECNICO EM ASSUNTOS EDUCACIONAIS,1,0,0,0.2,0.2
UNIVERSIDADE FEDERAL DE RONDONOPOLIS,TECNICO EM CONTABILIDADE,1,0,0,0.2,0.2
UNIVERSIDADE FEDERAL DE RORAIMA,ANALISTA DE TEC DA INFORMACAO,3,0,0,0.6000000000000001,0.6000000000000001
UNIVERSIDADE FEDERAL DE RORAIMA,ASSISTENTE EM ADMINISTRACAO,13,0,0,2.6,2.6
UNIVERSIDADE FEDERAL DE RORAIMA,BIBLIOTECARIO-DOCUMENTALISTA,1,0,0,0.2,0.2
UNIVERSIDADE FEDERAL DE RORAIMA,ECONOMISTA,1,0,0,0.2,0.2
UNIVERSIDADE FEDERAL DE RORAIMA,ENFERMEIRO-AREA,1,0,0,0.2,0.2
UNIVERSIDADE FEDERAL DE RORAIMA,ENGENHEIRO DE SEG DO TRABALHO,2,0,0,0.4,0.4
UNIVERSIDADE FEDERAL DE RORAIMA,ENGENHEIRO-AREA,1,0,0,0.2,0.2
UNIVERSIDADE FEDERAL DE RORAIMA,MEDICO - PCCTAE,4,0,0,0.8,0.8
UNIVERSIDADE FEDERAL DE RORAIMA,MEDICO VETERINARIO - PCCTAE,1,0,0,0.2,0.2
UNIVERSIDADE FEDERAL DE RORAIMA,NUTRICIONISTA-HABILITACAO,2,0,0,0.4,0.4
UNIVERSIDADE FEDERAL DE RORAIMA,ODONTOLOGO - 40 HORAS,1,0,0,0.2,0.2
UNIVERSIDADE FEDERAL DE RORAIMA,PRODUTOR CULTURAL,1,0,0,0.2,0.2
UNIVERSIDADE FEDERAL DE RORAIMA,PROFESSOR DO MAGISTERIO SUPERIOR,64,4,0.06,12.8,8.8
UNIVERSIDADE FEDERAL DE RORAIMA,PROFESSOR ENS BASICO TECN TECNOLOGICO,12,0,0,2.4000000000000004,2.4000000000000004
UNIVERSIDADE FEDERAL DE RORAIMA,TECNICO DE LABORATORIO AREA,1,0,0,0.2,0.2
UNIVERSIDADE FEDERAL DE RORAIMA,TECNICO EM AGROPECUARIA,2,0,0,0.4,0.4
UNIVERSIDADE FEDERAL DE RORAIMA,TECNICO EM ASSUNTOS EDUCACIONAIS,7,0,0,1.4000000000000001,1.4000000000000001
UNIVERSIDADE FEDERAL DE RORAIMA,TECNICO EM CONTABILIDADE,1,0,0,0.2,0.2
UNIVERSIDADE FEDERAL DE SANTA CATARINA,ADMINISTRADOR,4,0,0,0.8,0.8
UNIVERSIDADE FEDERAL DE SANTA CATARINA,ANALISTA DE TEC DA INFORMACAO,1,0,0,0.2,0.2
UNIVERSIDADE FEDERAL DE SANTA CATARINA,ANTROPOLOGO,1,0,0,0.2,0.2
UNIVERSIDADE FEDERAL DE SANTA CATARINA,ARQUITETO E URBANISTA,2,0,0,0.4,0.4
UNIVERSIDADE FEDERAL DE SANTA CATARINA,ASSISTENTE DE ALUNO,2,1,0.5,0.4,-0.6
UNIVERSIDADE FEDERAL DE SANTA CATARINA,ASSISTENTE EM ADMINISTRACAO,86,13,0.15,17.2,4.199999999999999
UNIVERSIDADE FEDERAL DE SANTA CATARINA,AUDITOR,3,0,0,0.6000000000000001,0.6000000000000001
UNIVERSIDADE FEDERAL DE SANTA CATARINA,BIOLOGO,2,1,0.5,0.4,-0.6
UNIVERSIDADE FEDERAL DE SANTA CATARINA,CONTADOR,3,0,0,0.6000000000000001,0.6000000000000001
UNIVERSIDADE FEDERAL DE SANTA CATARINA,ECONOMISTA,2,0,0,0.4,0.4
UNIVERSIDADE FEDERAL DE SANTA CATARINA,ENFERMEIRO-AREA,1,0,0,0.2,0.2
UNIVERSIDADE FEDERAL DE SANTA CATARINA,ENGENHEIRO AGRONOMO,2,0,0,0.4,0.4
UNIVERSIDADE FEDERAL DE SANTA CATARINA,ENGENHEIRO-AREA,7,1,0.14,1.4000000000000001,0.40000000000000013
UNIVERSIDADE FEDERAL DE SANTA CATARINA,FARMACEUTICO BIOQUIMICO,4,0,0,0.8,0.8
UNIVERSIDADE FEDERAL DE SANTA CATARINA,FARMACEUTICO-HABILITACAO,3,1,0.33,0.6000000000000001,-0.3999999999999999
UNIVERSIDADE FEDERAL DE SANTA CATARINA,FISIOTERAPEUTA,2,0,0,0.4,0.4
UNIVERSIDADE FEDERAL DE SANTA CATARINA,MEDICO - PCCTAE,1,0,0,0.2,0.2
UNIVERSIDADE FEDERAL DE SANTA CATARINA,MEDICO VETERINARIO - PCCTAE,2,0,0,0.4,0.4
UNIVERSIDADE FEDERAL DE SANTA CATARINA,PEDAGOGO-AREA,7,1,0.14,1.4000000000000001,0.40000000000000013
UNIVERSIDADE FEDERAL DE SANTA CATARINA,PROFESSOR DO MAGISTERIO SUPERIOR,85,2,0.02,17,15
UNIVERSIDADE FEDERAL DE SANTA CATARINA,PROFESSOR ENS BASICO TECN TECNOLOGICO,5,0,0,1,1
UNIVERSIDADE FEDERAL DE SANTA CATARINA,PSICOLOGO-AREA,1,0,0,0.2,0.2
UNIVERSIDADE FEDERAL DE SANTA CATARINA,TEC DE TECNOLOGIA DA INFORMACAO,18,2,0.11,3.6,1.6
UNIVERSIDADE FEDERAL DE SANTA CATARINA,TECNICO DE LABORATORIO AREA,19,1,0.05,3.8000000000000003,2.8000000000000003
UNIVERSIDADE FEDERAL DE SANTA CATARINA,TECNICO EM ASSUNTOS EDUCACIONAIS,14,1,0.07,2.8000000000000003,1.8000000000000003
UNIVERSIDADE FEDERAL DE SANTA CATARINA,TECNICO EM ENFERMAGEM,5,1,0.2,1,0
UNIVERSIDADE FEDERAL DE SANTA CATARINA,TECNICO EM RADIOLOGIA,4,0,0,0.8,0.8
UNIVERSIDADE FEDERAL DE SANTA CATARINA,TECNOLOGO-FORMACAO,2,1,0.5,0.4,-0.6
UNIVERSIDADE FEDERAL DE SANTA MARIA,ADMINISTRADOR,1,0,0,0.2,0.2
UNIVERSIDADE FEDERAL DE SANTA MARIA,ANALISTA DE TEC DA INFORMACAO,1,0,0,0.2,0.2
UNIVERSIDADE FEDERAL DE SANTA MARIA,ARQUIVISTA,3,1,0.33,0.6000000000000001,-0.3999999999999999
UNIVERSIDADE FEDERAL DE SANTA MARIA,ASSISTENTE EM ADMINISTRACAO,39,8,0.21,7.800000000000001,-0.1999999999999993
UNIVERSIDADE FEDERAL DE SANTA MARIA,ASSISTENTE SOCIAL,3,1,0.33,0.6000000000000001,-0.3999999999999999
UNIVERSIDADE FEDERAL DE SANTA MARIA,BIOLOGO,1,0,0,0.2,0.2
UNIVERSIDADE FEDERAL DE SANTA MARIA,CONTADOR,3,0,0,0.6000000000000001,0.6000000000000001
UNIVERSIDADE FEDERAL DE SANTA MARIA,ENFERMEIRO-AREA,2,0,0,0.4,0.4
UNIVERSIDADE FEDERAL DE SANTA MARIA,ENGENHEIRO AGRONOMO,1,0,0,0.2,0.2
UNIVERSIDADE FEDERAL DE SANTA MARIA,ENGENHEIRO-AREA,3,0,0,0.6000000000000001,0.6000000000000001
UNIVERSIDADE FEDERAL DE SANTA MARIA,MEDICO - PCCTAE,2,0,0,0.4,0.4
UNIVERSIDADE FEDERAL DE SANTA MARIA,MEDICO VETERINARIO - PCCTAE,1,0,0,0.2,0.2
UNIVERSIDADE FEDERAL DE SANTA MARIA,MUSEOLOGO,1,0,0,0.2,0.2
UNIVERSIDADE FEDERAL DE SANTA MARIA,PROFESSOR DO MAGISTERIO SUPERIOR,94,1,0.01,18.8,17.8
UNIVERSIDADE FEDERAL DE SANTA MARIA,PSICOLOGO-AREA,1,1,1,0.2,-0.8
UNIVERSIDADE FEDERAL DE SANTA MARIA,TEC DE TECNOLOGIA DA INFORMACAO,5,0,0,1,1
UNIVERSIDADE FEDERAL DE SANTA MARIA,TECNICO DE LABORATORIO AREA,7,1,0.14,1.4000000000000001,0.40000000000000013
UNIVERSIDADE FEDERAL DE SANTA MARIA,TECNICO EM AGROPECUARIA,2,0,0,0.4,0.4
UNIVERSIDADE FEDERAL DE SANTA MARIA,TECNICO EM CONTABILIDADE,6,1,0.17,1.2000000000000002,0.20000000000000018
UNIVERSIDADE FEDERAL DE SANTA MARIA,TECNICO EM ENFERMAGEM,4,2,0.5,0.8,-1.2
UNIVERSIDADE FEDERAL DE SANTA MARIA,TECNICO EM RADIOLOGIA,2,1,0.5,0.4,-0.6
UNIVERSIDADE FEDERAL DE SAO CARLOS,ADMINISTRADOR,1,0,0,0.2,0.2
UNIVERSIDADE FEDERAL DE SAO CARLOS,ANALISTA DE TEC DA INFORMACAO,1,0,0,0.2,0.2
UNIVERSIDADE FEDERAL DE SAO CARLOS,ASSISTENTE EM ADMINISTRACAO,16,0,0,3.2,3.2
UNIVERSIDADE FEDERAL DE SAO CARLOS,BIBLIOTECARIO-DOCUMENTALISTA,2,0,0,0.4,0.4
UNIVERSIDADE FEDERAL DE SAO CARLOS,CONTADOR,2,0,0,0.4,0.4
UNIVERSIDADE FEDERAL DE SAO CARLOS,FARMACEUTICO,1,0,0,0.2,0.2
UNIVERSIDADE FEDERAL DE SAO CARLOS,FISICO,1,0,0,0.2,0.2
UNIVERSIDADE FEDERAL DE SAO CARLOS,MEDICO - PCCTAE,2,0,0,0.4,0.4
UNIVERSIDADE FEDERAL DE SAO CARLOS,MEDICO VETERINARIO - PCCTAE,1,0,0,0.2,0.2
UNIVERSIDADE FEDERAL DE SAO CARLOS,PROFESSOR DO MAGISTERIO SUPERIOR,59,5,0.08,11.8,6.800000000000001
UNIVERSIDADE FEDERAL DE SAO CARLOS,PSICOLOGO-AREA,2,0,0,0.4,0.4
UNIVERSIDADE FEDERAL DE SAO CARLOS,QUIMICO,1,0,0,0.2,0.2
UNIVERSIDADE FEDERAL DE SAO CARLOS,TEC DE TECNOLOGIA DA INFORMACAO,1,0,0,0.2,0.2
UNIVERSIDADE FEDERAL DE SAO CARLOS,TECNICO DE LABORATORIO AREA,13,2,0.15,2.6,0.6000000000000001
UNIVERSIDADE FEDERAL DE SAO CARLOS,TECNICO EM AGROPECUARIA,4,0,0,0.8,0.8
UNIVERSIDADE FEDERAL DE SAO CARLOS,TECNICO EM ASSUNTOS EDUCACIONAIS,3,1,0.33,0.6000000000000001,-0.3999999999999999
UNIVERSIDADE FEDERAL DE SAO CARLOS,TECNICO EM ENFERMAGEM,4,1,0.25,0.8,-0.19999999999999996
UNIVERSIDADE FEDERAL DE SAO PAULO,ADMINISTRADOR,2,0,0,0.4,0.4
UNIVERSIDADE FEDERAL DE SAO PAULO,ASSISTENTE EM ADMINISTRACAO,30,2,0.07,6,4
UNIVERSIDADE FEDERAL DE SAO PAULO,ASSISTENTE SOCIAL,4,0,0,0.8,0.8
UNIVERSIDADE FEDERAL DE SAO PAULO,AUDITOR,1,0,0,0.2,0.2
UNIVERSIDADE FEDERAL DE SAO PAULO,BIBLIOTECARIO-DOCUMENTALISTA,3,0,0,0.6000000000000001,0.6000000000000001
UNIVERSIDADE FEDERAL DE SAO PAULO,BIOLOGO,3,1,0.33,0.6000000000000001,-0.3999999999999999
UNIVERSIDADE FEDERAL DE SAO PAULO,BIOMEDICO,10,2,0.2,2,0
UNIVERSIDADE FEDERAL DE SAO PAULO,ENFERMEIRO-AREA,6,0,0,1.2000000000000002,1.2000000000000002
UNIVERSIDADE FEDERAL DE SAO PAULO,ENGENHEIRO DE SEG DO TRABALHO,1,0,0,0.2,0.2
UNIVERSIDADE FEDERAL DE SAO PAULO,ENGENHEIRO-AREA,9,0,0,1.8,1.8
UNIVERSIDADE FEDERAL DE SAO PAULO,FARMACEUTICO BIOQUIMICO,2,0,0,0.4,0.4
UNIVERSIDADE FEDERAL DE SAO PAULO,FARMACEUTICO-HABILITACAO,1,0,0,0.2,0.2
UNIVERSIDADE FEDERAL DE SAO PAULO,FISICO,1,0,0,0.2,0.2
UNIVERSIDADE FEDERAL DE SAO PAULO,FISIOTERAPEUTA,3,1,0.33,0.6000000000000001,-0.3999999999999999
UNIVERSIDADE FEDERAL DE SAO PAULO,MEDICO - PCCTAE,1,0,0,0.2,0.2
UNIVERSIDADE FEDERAL DE SAO PAULO,NUTRICIONISTA-HABILITACAO,3,0,0,0.6000000000000001,0.6000000000000001
UNIVERSIDADE FEDERAL DE SAO PAULO,ODONTOLOGO - 30 HORAS - DL 1445-76,1,0,0,0.2,0.2
UNIVERSIDADE FEDERAL DE SAO PAULO,PROFESSOR DO MAGISTERIO SUPERIOR,97,1,0.01,19.400000000000002,18.400000000000002
UNIVERSIDADE FEDERAL DE SAO PAULO,TEC DE TECNOLOGIA DA INFORMACAO,8,2,0.25,1.6,-0.3999999999999999
UNIVERSIDADE FEDERAL DE SAO PAULO,TECNICO DE LABORATORIO AREA,12,2,0.17,2.4000000000000004,0.40000000000000036
UNIVERSIDADE FEDERAL DE SAO PAULO,TECNICO EM ASSUNTOS EDUCACIONAIS,1,0,0,0.2,0.2
UNIVERSIDADE FEDERAL DE SAO PAULO,TECNICO EM CONTABILIDADE,9,1,0.11,1.8,0.8
UNIVERSIDADE FEDERAL DE SAO PAULO,TECNICO EM ENFERMAGEM,18,7,0.39,3.6,-3.4
UNIVERSIDADE FEDERAL DE SAO PAULO,TECNICO EM FARMACIA,2,1,0.5,0.4,-0.6
UNIVERSIDADE FEDERAL DE SAO PAULO,TECNICO EM RADIOLOGIA,5,1,0.2,1,0
UNIVERSIDADE FEDERAL DE SAO PAULO,TECNOLOGO-FORMACAO,1,0,0,0.2,0.2
UNIVERSIDADE FEDERAL DE VICOSA,ADMINISTRADOR,1,1,1,0.2,-0.8
UNIVERSIDADE FEDERAL DE VICOSA,ANALISTA DE TEC DA INFORMACAO,2,0,0,0.4,0.4
UNIVERSIDADE FEDERAL DE VICOSA,ASSISTENTE EM ADMINISTRACAO,21,3,0.14,4.2,1.2000000000000002
UNIVERSIDADE FEDERAL DE VICOSA,ASSISTENTE SOCIAL,2,0,0,0.4,0.4
UNIVERSIDADE FEDERAL DE VICOSA,AUDITOR,1,0,0,0.2,0.2
UNIVERSIDADE FEDERAL DE VICOSA,BIBLIOTECARIO-DOCUMENTALISTA,1,0,0,0.2,0.2
UNIVERSIDADE FEDERAL DE VICOSA,BIOLOGO,1,0,0,0.2,0.2
UNIVERSIDADE FEDERAL DE VICOSA,ENFERMEIRO-AREA,3,0,0,0.6000000000000001,0.6000000000000001
UNIVERSIDADE FEDERAL DE VICOSA,ENGENHEIRO AGRONOMO,1,0,0,0.2,0.2
UNIVERSIDADE FEDERAL DE VICOSA,FONOAUDIOLOGO,1,0,0,0.2,0.2
UNIVERSIDADE FEDERAL DE VICOSA,MEDICO - PCCTAE,5,1,0.2,1,0
UNIVERSIDADE FEDERAL DE VICOSA,MEDICO VETERINARIO - PCCTAE,3,0,0,0.6000000000000001,0.6000000000000001
UNIVERSIDADE FEDERAL DE VICOSA,PRODUTOR CULTURAL,1,0,0,0.2,0.2
UNIVERSIDADE FEDERAL DE VICOSA,PROFESSOR DO MAGISTERIO SUPERIOR,72,0,0,14.4,14.4
UNIVERSIDADE FEDERAL DE VICOSA,PROFESSOR ENS BASICO TECN TECNOLOGICO,5,0,0,1,1
UNIVERSIDADE FEDERAL DE VICOSA,TEC DE TECNOLOGIA DA INFORMACAO,9,1,0.11,1.8,0.8
UNIVERSIDADE FEDERAL DE VICOSA,TECNICO DE LABORATORIO AREA,8,0,0,1.6,1.6
UNIVERSIDADE FEDERAL DE VICOSA,TECNICO EM AGROPECUARIA,4,0,0,0.8,0.8
UNIVERSIDADE FEDERAL DE VICOSA,TECNICO EM ASSUNTOS EDUCACIONAIS,4,0,0,0.8,0.8
UNIVERSIDADE FEDERAL DE VICOSA,TECNICO EM CONTABILIDADE,1,0,0,0.2,0.2
UNIVERSIDADE FEDERAL DE VICOSA,TECNICO EM ENFERMAGEM,2,0,0,0.4,0.4
UNIVERSIDADE FEDERAL DO ACRE,ADMINISTRADOR,4,1,0.25,0.8,-0.19999999999999996
UNIVERSIDADE FEDERAL DO ACRE,ANALISTA DE TEC DA INFORMACAO,5,1,0.2,1,0
UNIVERSIDADE FEDERAL DO ACRE,ARQUIVISTA,1,0,0,0.2,0.2
UNIVERSIDADE FEDERAL DO ACRE,ASSISTENTE DE ALUNO,1,0,0,0.2,0.2
UNIVERSIDADE FEDERAL DO ACRE,ASSISTENTE EM ADMINISTRACAO,31,6,0.19,6.2,0.20000000000000018
UNIVERSIDADE FEDERAL DO ACRE,ASSISTENTE SOCIAL,1,1,1,0.2,-0.8
UNIVERSIDADE FEDERAL DO ACRE,BIBLIOTECARIO-DOCUMENTALISTA,1,0,0,0.2,0.2
UNIVERSIDADE FEDERAL DO ACRE,BIOLOGO,1,0,0,0.2,0.2
UNIVERSIDADE FEDERAL DO ACRE,CONTADOR,1,1,1,0.2,-0.8
UNIVERSIDADE FEDERAL DO ACRE,ENFERMEIRO-AREA,1,0,0,0.2,0.2
UNIVERSIDADE FEDERAL DO ACRE,ENGENHEIRO DE SEG DO TRABALHO,1,0,0,0.2,0.2
UNIVERSIDADE FEDERAL DO ACRE,ENGENHEIRO-AREA,1,0,0,0.2,0.2
UNIVERSIDADE FEDERAL DO ACRE,ESTATISTICO,1,0,0,0.2,0.2
UNIVERSIDADE FEDERAL DO ACRE,MEDICO - PCCTAE,1,0,0,0.2,0.2
UNIVERSIDADE FEDERAL DO ACRE,MEDICO VETERINARIO - PCCTAE,1,0,0,0.2,0.2
UNIVERSIDADE FEDERAL DO ACRE,PEDAGOGO-AREA,2,1,0.5,0.4,-0.6
UNIVERSIDADE FEDERAL DO ACRE,PROFESSOR DO MAGISTERIO SUPERIOR,48,2,0.04,9.600000000000001,7.600000000000001
UNIVERSIDADE FEDERAL DO ACRE,PROFESSOR ENS BASICO TECN TECNOLOGICO,1,0,0,0.2,0.2
UNIVERSIDADE FEDERAL DO ACRE,TEC DE TECNOLOGIA DA INFORMACAO,5,3,0.6,1,-2
UNIVERSIDADE FEDERAL DO ACRE,TECNICO DE LABORATORIO AREA,5,0,0,1,1
UNIVERSIDADE FEDERAL DO ACRE,TECNICO EM AGROPECUARIA,2,0,0,0.4,0.4
UNIVERSIDADE FEDERAL DO ACRE,TECNICO EM ASSUNTOS EDUCACIONAIS,16,4,0.25,3.2,-0.7999999999999998
UNIVERSIDADE FEDERAL DO ACRE,TECNICO EM CONTABILIDADE,11,2,0.18,2.2,0.20000000000000018
UNIVERSIDADE FEDERAL DO ACRE,TECNICO EM ENFERMAGEM,1,0,0,0.2,0.2
UNIVERSIDADE FEDERAL DO ACRE,TECNICO EM FARMACIA,1,0,0,0.2,0.2
UNIVERSIDADE FEDERAL DO ACRE,TECNICO EM RADIOLOGIA,1,0,0,0.2,0.2
UNIVERSIDADE FEDERAL DO ACRE,TECNOLOGO-FORMACAO,1,1,1,0.2,-0.8
UNIVERSIDADE FEDERAL DO CARIRI,ADMINISTRADOR,2,0,0,0.4,0.4
UNIVERSIDADE FEDERAL DO CARIRI,ARQUITETO E URBANISTA,1,0,0,0.2,0.2
UNIVERSIDADE FEDERAL DO CARIRI,ARQUIVISTA,1,0,0,0.2,0.2
UNIVERSIDADE FEDERAL DO CARIRI,ASSISTENTE EM ADMINISTRACAO,2,0,0,0.4,0.4
UNIVERSIDADE FEDERAL DO CARIRI,ASSISTENTE SOCIAL,1,0,0,0.2,0.2
UNIVERSIDADE FEDERAL DO CARIRI,ENGENHEIRO-AREA,1,0,0,0.2,0.2
UNIVERSIDADE FEDERAL DO CARIRI,ESTATISTICO,2,0,0,0.4,0.4
UNIVERSIDADE FEDERAL DO CARIRI,MEDICO - PCCTAE,1,0,0,0.2,0.2
UNIVERSIDADE FEDERAL DO CARIRI,PEDAGOGO-AREA,1,1,1,0.2,-0.8
UNIVERSIDADE FEDERAL DO CARIRI,PRODUTOR CULTURAL,2,0,0,0.4,0.4
UNIVERSIDADE FEDERAL DO CARIRI,PROFESSOR DO MAGISTERIO SUPERIOR,25,0,0,5,5
UNIVERSIDADE FEDERAL DO CARIRI,PSICOLOGO-AREA,2,0,0,0.4,0.4
UNIVERSIDADE FEDERAL DO CARIRI,SOCIOLOGO,1,0,0,0.2,0.2
UNIVERSIDADE FEDERAL DO CARIRI,TEC DE TECNOLOGIA DA INFORMACAO,1,0,0,0.2,0.2
UNIVERSIDADE FEDERAL DO CEARA,ADMINISTRADOR,3,0,0,0.6000000000000001,0.6000000000000001
UNIVERSIDADE FEDERAL DO CEARA,ANALISTA DE TEC DA INFORMACAO,20,3,0.15,4,1
UNIVERSIDADE FEDERAL DO CEARA,ARQUIVISTA,1,1,1,0.2,-0.8
UNIVERSIDADE FEDERAL DO CEARA,ASSISTENTE EM ADMINISTRACAO,108,20,0.19,21.6,1.6000000000000014
UNIVERSIDADE FEDERAL DO CEARA,ASSISTENTE SOCIAL,1,1,1,0.2,-0.8
UNIVERSIDADE FEDERAL DO CEARA,BIBLIOTECARIO-DOCUMENTALISTA,3,1,0.33,0.6000000000000001,-0.3999999999999999
UNIVERSIDADE FEDERAL DO CEARA,ENGENHEIRO-AREA,7,2,0.29,1.4000000000000001,-0.5999999999999999
UNIVERSIDADE FEDERAL DO CEARA,FARMACEUTICO,1,0,0,0.2,0.2
UNIVERSIDADE FEDERAL DO CEARA,GEOLOGO,1,0,0,0.2,0.2
UNIVERSIDADE FEDERAL DO CEARA,MEDICO - PCCTAE,2,0,0,0.4,0.4
UNIVERSIDADE FEDERAL DO CEARA,NUTRICIONISTA-HABILITACAO,4,2,0.5,0.8,-1.2
UNIVERSIDADE FEDERAL DO CEARA,PEDAGOGO-AREA,1,0,0,0.2,0.2
UNIVERSIDADE FEDERAL DO CEARA,PRODUTOR CULTURAL,3,0,0,0.6000000000000001,0.6000000000000001
UNIVERSIDADE FEDERAL DO CEARA,PROFESSOR DO MAGISTERIO SUPERIOR,124,8,0.06,24.8,16.8
UNIVERSIDADE FEDERAL DO CEARA,PROFESSOR ENS BASICO TECN TECNOLOGICO,2,0,0,0.4,0.4
UNIVERSIDADE FEDERAL DO CEARA,TEC DE TECNOLOGIA DA INFORMACAO,29,2,0.07,5.800000000000001,3.8000000000000007
UNIVERSIDADE FEDERAL DO CEARA,TECNICO DE LABORATORIO AREA,9,0,0,1.8,1.8
UNIVERSIDADE FEDERAL DO CEARA,TECNICO EM ASSUNTOS EDUCACIONAIS,3,0,0,0.6000000000000001,0.6000000000000001
UNIVERSIDADE FEDERAL DO ESPIRITO SANTO,ADMINISTRADOR,3,1,0.33,0.6000000000000001,-0.3999999999999999
UNIVERSIDADE FEDERAL DO ESPIRITO SANTO,ANALISTA DE TEC DA INFORMACAO,2,0,0,0.4,0.4
UNIVERSIDADE FEDERAL DO ESPIRITO SANTO,ARQUITETO E URBANISTA,2,1,0.5,0.4,-0.6
UNIVERSIDADE FEDERAL DO ESPIRITO SANTO,ASSISTENTE EM ADMINISTRACAO,78,16,0.21,15.600000000000001,-0.3999999999999986
UNIVERSIDADE FEDERAL DO ESPIRITO SANTO,ASSISTENTE SOCIAL,1,1,1,0.2,-0.8
UNIVERSIDADE FEDERAL DO ESPIRITO SANTO,BIBLIOTECARIO-DOCUMENTALISTA,1,0,0,0.2,0.2
UNIVERSIDADE FEDERAL DO ESPIRITO SANTO,CONTADOR,1,1,1,0.2,-0.8
UNIVERSIDADE FEDERAL DO ESPIRITO SANTO,ECONOMISTA,2,0,0,0.4,0.4
UNIVERSIDADE FEDERAL DO ESPIRITO SANTO,ENFERMEIRO-AREA,1,0,0,0.2,0.2
UNIVERSIDADE FEDERAL DO ESPIRITO SANTO,ENGENHEIRO DE SEG DO TRABALHO,1,0,0,0.2,0.2
UNIVERSIDADE FEDERAL DO ESPIRITO SANTO,ENGENHEIRO-AREA,2,2,1,0.4,-1.6
UNIVERSIDADE FEDERAL DO ESPIRITO SANTO,MEDICO - PCCTAE,7,0,0,1.4000000000000001,1.4000000000000001
UNIVERSIDADE FEDERAL DO ESPIRITO SANTO,MEDICO VETERINARIO - PCCTAE,2,0,0,0.4,0.4
UNIVERSIDADE FEDERAL DO ESPIRITO SANTO,NUTRICIONISTA-HABILITACAO,2,0,0,0.4,0.4
UNIVERSIDADE FEDERAL DO ESPIRITO SANTO,OCEANOLOGO,1,0,0,0.2,0.2
UNIVERSIDADE FEDERAL DO ESPIRITO SANTO,ODONTOLOGO - 40 HORAS,1,0,0,0.2,0.2
UNIVERSIDADE FEDERAL DO ESPIRITO SANTO,PRODUTOR CULTURAL,1,0,0,0.2,0.2
UNIVERSIDADE FEDERAL DO ESPIRITO SANTO,PROFESSOR DO MAGISTERIO SUPERIOR,38,7,0.18,7.6000000000000005,0.6000000000000005
UNIVERSIDADE FEDERAL DO ESPIRITO SANTO,PROFESSOR ENS BASICO TECN TECNOLOGICO,2,0,0,0.4,0.4
UNIVERSIDADE FEDERAL DO ESPIRITO SANTO,TEC DE TECNOLOGIA DA INFORMACAO,15,3,0.2,3,0
UNIVERSIDADE FEDERAL DO ESPIRITO SANTO,TECNICO DE LABORATORIO AREA,10,3,0.3,2,-1
UNIVERSIDADE FEDERAL DO ESPIRITO SANTO,TECNICO EM AGROPECUARIA,1,0,0,0.2,0.2
UNIVERSIDADE FEDERAL DO ESPIRITO SANTO,TECNICO EM ASSUNTOS EDUCACIONAIS,2,0,0,0.4,0.4
UNIVERSIDADE FEDERAL DO ESPIRITO SANTO,TECNICO EM CONTABILIDADE,9,2,0.22,1.8,-0.19999999999999996
UNIVERSIDADE FEDERAL DO ESPIRITO SANTO,TECNICO EM ENFERMAGEM,4,1,0.25,0.8,-0.19999999999999996
UNIVERSIDADE FEDERAL DO OESTE DA BAHIA,ADMINISTRADOR,1,0,0,0.2,0.2
UNIVERSIDADE FEDERAL DO OESTE DA BAHIA,ASSISTENTE EM ADMINISTRACAO,9,0,0,1.8,1.8
UNIVERSIDADE FEDERAL DO OESTE DA BAHIA,BIOMEDICO,1,0,0,0.2,0.2
UNIVERSIDADE FEDERAL DO OESTE DA BAHIA,ENFERMEIRO-AREA,2,0,0,0.4,0.4
UNIVERSIDADE FEDERAL DO OESTE DA BAHIA,ENGENHEIRO AGRONOMO,1,0,0,0.2,0.2
UNIVERSIDADE FEDERAL DO OESTE DA BAHIA,ENGENHEIRO DE SEG DO TRABALHO,2,1,0.5,0.4,-0.6
UNIVERSIDADE FEDERAL DO OESTE DA BAHIA,ENGENHEIRO-AREA,1,0,0,0.2,0.2
UNIVERSIDADE FEDERAL DO OESTE DA BAHIA,FARMACEUTICO,1,1,1,0.2,-0.8
UNIVERSIDADE FEDERAL DO OESTE DA BAHIA,FISICO,1,0,0,0.2,0.2
UNIVERSIDADE FEDERAL DO OESTE DA BAHIA,MEDICO - PCCTAE,1,0,0,0.2,0.2
UNIVERSIDADE FEDERAL DO OESTE DA BAHIA,MEDICO VETERINARIO - PCCTAE,2,1,0.5,0.4,-0.6
UNIVERSIDADE FEDERAL DO OESTE DA BAHIA,NUTRICIONISTA-HABILITACAO,2,0,0,0.4,0.4
UNIVERSIDADE FEDERAL DO OESTE DA BAHIA,PROFESSOR DO MAGISTERIO SUPERIOR,14,2,0.14,2.8000000000000003,0.8000000000000003
UNIVERSIDADE FEDERAL DO OESTE DA BAHIA,PSICOLOGO-AREA,2,0,0,0.4,0.4
UNIVERSIDADE FEDERAL DO OESTE DA BAHIA,QUIMICO,1,0,0,0.2,0.2
UNIVERSIDADE FEDERAL DO OESTE DA BAHIA,TEC DE TECNOLOGIA DA INFORMACAO,1,0,0,0.2,0.2
UNIVERSIDADE FEDERAL DO OESTE DA BAHIA,TECNICO EM ASSUNTOS EDUCACIONAIS,5,1,0.2,1,0
UNIVERSIDADE FEDERAL DO OESTE DA BAHIA,TECNICO EM AUDIOVISUAL,2,1,0.5,0.4,-0.6
UNIVERSIDADE FEDERAL DO OESTE DA BAHIA,TECNICO EM ENFERMAGEM,2,0,0,0.4,0.4
UNIVERSIDADE FEDERAL DO OESTE DO PARA,ASSISTENTE EM ADMINISTRACAO,21,7,0.33,4.2,-2.8
UNIVERSIDADE FEDERAL DO OESTE DO PARA,PROFESSOR DO MAGISTERIO SUPERIOR,73,6,0.08,14.600000000000001,8.600000000000001
UNIVERSIDADE FEDERAL DO OESTE DO PARA,TEC DE TECNOLOGIA DA INFORMACAO,3,0,0,0.6000000000000001,0.6000000000000001
UNIVERSIDADE FEDERAL DO OESTE DO PARA,TECNICO DE LABORATORIO AREA,7,0,0,1.4000000000000001,1.4000000000000001
UNIVERSIDADE FEDERAL DO OESTE DO PARA,TECNICO EM CONTABILIDADE,2,0,0,0.4,0.4
UNIVERSIDADE FEDERAL DO OESTE DO PARA,TECNICO EM ENFERMAGEM,1,0,0,0.2,0.2
UNIVERSIDADE FEDERAL DO PARA,ADMINISTRADOR,9,1,0.11,1.8,0.8
UNIVERSIDADE FEDERAL DO PARA,ANALISTA DE TEC DA INFORMACAO,5,1,0.2,1,0
UNIVERSIDADE FEDERAL DO PARA,ARQUITETO E URBANISTA,3,0,0,0.6000000000000001,0.6000000000000001
UNIVERSIDADE FEDERAL DO PARA,ASSISTENTE DE ALUNO,7,1,0.14,1.4000000000000001,0.40000000000000013
UNIVERSIDADE FEDERAL DO PARA,ASSISTENTE EM ADMINISTRACAO,95,15,0.16,19,4
UNIVERSIDADE FEDERAL DO PARA,ASSISTENTE SOCIAL,2,0,0,0.4,0.4
UNIVERSIDADE FEDERAL DO PARA,AUDITOR,1,0,0,0.2,0.2
UNIVERSIDADE FEDERAL DO PARA,BIOMEDICO,1,0,0,0.2,0.2
UNIVERSIDADE FEDERAL DO PARA,ENFERMEIRO-AREA,1,0,0,0.2,0.2
UNIVERSIDADE FEDERAL DO PARA,ENGENHEIRO-AREA,5,0,0,1,1
UNIVERSIDADE FEDERAL DO PARA,GEOGRAFO,2,0,0,0.4,0.4
UNIVERSIDADE FEDERAL DO PARA,MEDICO - PCCTAE,3,0,0,0.6000000000000001,0.6000000000000001
UNIVERSIDADE FEDERAL DO PARA,NUTRICIONISTA-HABILITACAO,1,0,0,0.2,0.2
UNIVERSIDADE FEDERAL DO PARA,PROFESSOR DO MAGISTERIO SUPERIOR,110,5,0.05,22,17
UNIVERSIDADE FEDERAL DO PARA,PROFESSOR ENS BASICO TECN TECNOLOGICO,9,0,0,1.8,1.8
UNIVERSIDADE FEDERAL DO PARA,PROFESSOR TITULAR-LIVRE MAG SUPERIOR,1,0,0,0.2,0.2
UNIVERSIDADE FEDERAL DO PARA,PSICOLOGO-AREA,1,1,1,0.2,-0.8
UNIVERSIDADE FEDERAL DO PARA,QUIMICO,1,0,0,0.2,0.2
UNIVERSIDADE FEDERAL DO PARA,TEC DE TECNOLOGIA DA INFORMACAO,22,3,0.14,4.4,1.4000000000000004
UNIVERSIDADE FEDERAL DO PARA,TECNICO DE LABORATORIO AREA,12,1,0.08,2.4000000000000004,1.4000000000000004
UNIVERSIDADE FEDERAL DO PARA,TECNICO EM ASSUNTOS EDUCACIONAIS,1,0,0,0.2,0.2
UNIVERSIDADE FEDERAL DO PARA,TECNICO EM CONTABILIDADE,8,0,0,1.6,1.6
UNIVERSIDADE FEDERAL DO PARA,TECNICO EM ENFERMAGEM,1,0,0,0.2,0.2
UNIVERSIDADE FEDERAL DO PARA,TECNICO EM RADIOLOGIA,1,0,0,0.2,0.2
UNIVERSIDADE FEDERAL DO PARA,TECNOLOGO-FORMACAO,4,1,0.25,0.8,-0.19999999999999996
UNIVERSIDADE FEDERAL DO PARANA,ADMINISTRADOR,5,0,0,1,1
UNIVERSIDADE FEDERAL DO PARANA,ANALISTA DE TEC DA INFORMACAO,12,2,0.17,2.4000000000000004,0.40000000000000036
UNIVERSIDADE FEDERAL DO PARANA,ARQUITETO E URBANISTA,5,1,0.2,1,0
UNIVERSIDADE FEDERAL DO PARANA,ARQUIVISTA,1,0,0,0.2,0.2
UNIVERSIDADE FEDERAL DO PARANA,ASSISTENTE EM ADMINISTRACAO,73,32,0.44,14.600000000000001,-17.4
UNIVERSIDADE FEDERAL DO PARANA,ASSISTENTE SOCIAL,5,1,0.2,1,0
UNIVERSIDADE FEDERAL DO PARANA,AUDITOR,2,0,0,0.4,0.4
UNIVERSIDADE FEDERAL DO PARANA,BIBLIOTECARIO-DOCUMENTALISTA,9,2,0.22,1.8,-0.19999999999999996
UNIVERSIDADE FEDERAL DO PARANA,BIOLOGO,3,0,0,0.6000000000000001,0.6000000000000001
UNIVERSIDADE FEDERAL DO PARANA,CONTADOR,3,1,0.33,0.6000000000000001,-0.3999999999999999
UNIVERSIDADE FEDERAL DO PARANA,ENFERMEIRO-AREA,17,7,0.41,3.4000000000000004,-3.5999999999999996
UNIVERSIDADE FEDERAL DO PARANA,ENGENHEIRO DE SEG DO TRABALHO,4,1,0.25,0.8,-0.19999999999999996
UNIVERSIDADE FEDERAL DO PARANA,ENGENHEIRO-AREA,7,2,0.29,1.4000000000000001,-0.5999999999999999
UNIVERSIDADE FEDERAL DO PARANA,ESTATISTICO,1,0,0,0.2,0.2
UNIVERSIDADE FEDERAL DO PARANA,FARMACEUTICO-HABILITACAO,9,0,0,1.8,1.8
UNIVERSIDADE FEDERAL DO PARANA,FISIOTERAPEUTA,1,0,0,0.2,0.2
UNIVERSIDADE FEDERAL DO PARANA,FONOAUDIOLOGO,1,0,0,0.2,0.2
UNIVERSIDADE FEDERAL DO PARANA,MEDICO - PCCTAE,14,0,0,2.8000000000000003,2.8000000000000003
UNIVERSIDADE FEDERAL DO PARANA,NUTRICIONISTA-HABILITACAO,3,0,0,0.6000000000000001,0.6000000000000001
UNIVERSIDADE FEDERAL DO PARANA,ODONTOLOGO - 40 HORAS,3,0,0,0.6000000000000001,0.6000000000000001
UNIVERSIDADE FEDERAL DO PARANA,PEDAGOGO-AREA,3,0,0,0.6000000000000001,0.6000000000000001
UNIVERSIDADE FEDERAL DO PARANA,PRODUTOR CULTURAL,9,2,0.22,1.8,-0.19999999999999996
UNIVERSIDADE FEDERAL DO PARANA,PROFESSOR DO MAGISTERIO SUPERIOR,148,2,0.01,29.6,27.6
UNIVERSIDADE FEDERAL DO PARANA,PROFESSOR ENS BASICO TECN TECNOLOGICO,4,0,0,0.8,0.8
UNIVERSIDADE FEDERAL DO PARANA,PSICOLOGO-AREA,5,1,0.2,1,0
UNIVERSIDADE FEDERAL DO PARANA,QUIMICO,2,0,0,0.4,0.4
UNIVERSIDADE FEDERAL DO PARANA,TEC DE TECNOLOGIA DA INFORMACAO,26,5,0.19,5.2,0.20000000000000018
UNIVERSIDADE FEDERAL DO PARANA,TECNICO DE LABORATORIO AREA,49,7,0.14,9.8,2.8000000000000007
UNIVERSIDADE FEDERAL DO PARANA,TECNICO EM ASSUNTOS EDUCACIONAIS,15,3,0.2,3,0
UNIVERSIDADE FEDERAL DO PARANA,TECNICO EM CONTABILIDADE,5,0,0,1,1
UNIVERSIDADE FEDERAL DO PARANA,TECNICO EM ENFERMAGEM,6,4,0.67,1.2000000000000002,-2.8
UNIVERSIDADE FEDERAL DO PARANA,TECNICO EM FARMACIA,8,0,0,1.6,1.6
UNIVERSIDADE FEDERAL DO PARANA,TECNICO EM RADIOLOGIA,4,0,0,0.8,0.8
UNIVERSIDADE FEDERAL DO PARANA,TERAPEUTA OCUPACIONAL,2,0,0,0.4,0.4
UNIVERSIDADE FEDERAL DO PARANA,ZOOTECNISTA,1,0,0,0.2,0.2
UNIVERSIDADE FEDERAL DO PIAUI,ADMINISTRADOR,1,0,0,0.2,0.2
UNIVERSIDADE FEDERAL DO PIAUI,ANALISTA DE TEC DA INFORMACAO,8,1,0.12,1.6,0.6000000000000001
UNIVERSIDADE FEDERAL DO PIAUI,ASSISTENTE EM ADMINISTRACAO,45,1,0.02,9,8
UNIVERSIDADE FEDERAL DO PIAUI,BIBLIOTECARIO-DOCUMENTALISTA,2,0,0,0.4,0.4
UNIVERSIDADE FEDERAL DO PIAUI,ENGENHEIRO DE SEG DO TRABALHO,1,0,0,0.2,0.2
UNIVERSIDADE FEDERAL DO PIAUI,MEDICO VETERINARIO - PCCTAE,4,0,0,0.8,0.8
UNIVERSIDADE FEDERAL DO PIAUI,ODONTOLOGO - 40 HORAS,1,0,0,0.2,0.2
UNIVERSIDADE FEDERAL DO PIAUI,PRODUTOR CULTURAL,2,0,0,0.4,0.4
UNIVERSIDADE FEDERAL DO PIAUI,PROFESSOR DO MAGISTERIO SUPERIOR,99,6,0.06,19.8,13.8
UNIVERSIDADE FEDERAL DO PIAUI,PROFESSOR ENS BASICO TECN TECNOLOGICO,6,0,0,1.2000000000000002,1.2000000000000002
UNIVERSIDADE FEDERAL DO PIAUI,PSICOLOGO-AREA,1,0,0,0.2,0.2
UNIVERSIDADE FEDERAL DO PIAUI,TEC DE TECNOLOGIA DA INFORMACAO,7,1,0.14,1.4000000000000001,0.40000000000000013
UNIVERSIDADE FEDERAL DO PIAUI,TECNICO DE LABORATORIO AREA,11,0,0,2.2,2.2
UNIVERSIDADE FEDERAL DO PIAUI,TECNICO EM AGROPECUARIA,1,0,0,0.2,0.2
UNIVERSIDADE FEDERAL DO PIAUI,TECNICO EM ASSUNTOS EDUCACIONAIS,3,1,0.33,0.6000000000000001,-0.3999999999999999
UNIVERSIDADE FEDERAL DO PIAUI,TECNICO EM CONTABILIDADE,2,0,0,0.4,0.4
UNIVERSIDADE FEDERAL DO PIAUI,TECNICO EM ENFERMAGEM,3,0,0,0.6000000000000001,0.6000000000000001
UNIVERSIDADE FEDERAL DO RIO DE JANEIRO,ADMINISTRADOR,9,2,0.22,1.8,-0.19999999999999996
UNIVERSIDADE FEDERAL DO RIO DE JANEIRO,ANALISTA DE TEC DA INFORMACAO,13,1,0.08,2.6,1.6
UNIVERSIDADE FEDERAL DO RIO DE JANEIRO,ARQUITETO E URBANISTA,5,1,0.2,1,0
UNIVERSIDADE FEDERAL DO RIO DE JANEIRO,ARQUIVISTA,3,0,0,0.6000000000000001,0.6000000000000001
UNIVERSIDADE FEDERAL DO RIO DE JANEIRO,ASSISTENTE DE ALUNO,4,2,0.5,0.8,-1.2
UNIVERSIDADE FEDERAL DO RIO DE JANEIRO,ASSISTENTE EM ADMINISTRACAO,127,24,0.19,25.400000000000002,1.4000000000000021
UNIVERSIDADE FEDERAL DO RIO DE JANEIRO,ASSISTENTE SOCIAL,9,2,0.22,1.8,-0.19999999999999996
UNIVERSIDADE FEDERAL DO RIO DE JANEIRO,AUDITOR,5,1,0.2,1,0
UNIVERSIDADE FEDERAL DO RIO DE JANEIRO,BIBLIOTECARIO-DOCUMENTALISTA,24,5,0.21,4.800000000000001,-0.1999999999999993
UNIVERSIDADE FEDERAL DO RIO DE JANEIRO,BIOLOGO,17,3,0.18,3.4000000000000004,0.40000000000000036
UNIVERSIDADE FEDERAL DO RIO DE JANEIRO,BIOMEDICO,3,1,0.33,0.6000000000000001,-0.3999999999999999
UNIVERSIDADE FEDERAL DO RIO DE JANEIRO,CONTADOR,4,0,0,0.8,0.8
UNIVERSIDADE FEDERAL DO RIO DE JANEIRO,ECONOMISTA,4,0,0,0.8,0.8
UNIVERSIDADE FEDERAL DO RIO DE JANEIRO,ENFERMEIRO-AREA,43,6,0.14,8.6,2.5999999999999996
UNIVERSIDADE FEDERAL DO RIO DE JANEIRO,ENGENHEIRO-AREA,11,1,0.09,2.2,1.2000000000000002
UNIVERSIDADE FEDERAL DO RIO DE JANEIRO,ESTATISTICO,2,0,0,0.4,0.4
UNIVERSIDADE FEDERAL DO RIO DE JANEIRO,FARMACEUTICO,3,0,0,0.6000000000000001,0.6000000000000001
UNIVERSIDADE FEDERAL DO RIO DE JANEIRO,FARMACEUTICO BIOQUIMICO,4,0,0,0.8,0.8
UNIVERSIDADE FEDERAL DO RIO DE JANEIRO,FARMACEUTICO-HABILITACAO,3,0,0,0.6000000000000001,0.6000000000000001
UNIVERSIDADE FEDERAL DO RIO DE JANEIRO,FISIOTERAPEUTA,8,2,0.25,1.6,-0.3999999999999999
UNIVERSIDADE FEDERAL DO RIO DE JANEIRO,GEOGRAFO,1,0,0,0.2,0.2
UNIVERSIDADE FEDERAL DO RIO DE JANEIRO,MEDICO - PCCTAE,56,5,0.09,11.200000000000001,6.200000000000001
UNIVERSIDADE FEDERAL DO RIO DE JANEIRO,MEDICO VETERINARIO - PCCTAE,2,0,0,0.4,0.4
UNIVERSIDADE FEDERAL DO RIO DE JANEIRO,MUSICO,7,1,0.14,1.4000000000000001,0.40000000000000013
UNIVERSIDADE FEDERAL DO RIO DE JANEIRO,NUTRICIONISTA-HABILITACAO,8,3,0.38,1.6,-1.4
UNIVERSIDADE FEDERAL DO RIO DE JANEIRO,ODONTOLOGO - 40 HORAS,7,0,0,1.4000000000000001,1.4000000000000001
UNIVERSIDADE FEDERAL DO RIO DE JANEIRO,PEDAGOGO-AREA,3,0,0,0.6000000000000001,0.6000000000000001
UNIVERSIDADE FEDERAL DO RIO DE JANEIRO,PRODUTOR CULTURAL,4,2,0.5,0.8,-1.2
UNIVERSIDADE FEDERAL DO RIO DE JANEIRO,PROFESSOR DO MAGISTERIO SUPERIOR,301,18,0.06,60.2,42.2
UNIVERSIDADE FEDERAL DO RIO DE JANEIRO,PROFESSOR ENS BASICO TECN TECNOLOGICO,1,0,0,0.2,0.2
UNIVERSIDADE FEDERAL DO RIO DE JANEIRO,PROFESSOR TITULAR-LIVRE MAG SUPERIOR,1,0,0,0.2,0.2
UNIVERSIDADE FEDERAL DO RIO DE JANEIRO,PSICOLOGO-AREA,7,2,0.29,1.4000000000000001,-0.5999999999999999
UNIVERSIDADE FEDERAL DO RIO DE JANEIRO,TEC DE TECNOLOGIA DA INFORMACAO,21,1,0.05,4.2,3.2
UNIVERSIDADE FEDERAL DO RIO DE JANEIRO,TECNICO DE LABORATORIO AREA,28,3,0.11,5.6000000000000005,2.6000000000000005
UNIVERSIDADE FEDERAL DO RIO DE JANEIRO,TECNICO EM ASSUNTOS EDUCACIONAIS,21,3,0.14,4.2,1.2000000000000002
UNIVERSIDADE FEDERAL DO RIO DE JANEIRO,TECNICO EM CONTABILIDADE,3,0,0,0.6000000000000001,0.6000000000000001
UNIVERSIDADE FEDERAL DO RIO DE JANEIRO,TECNICO EM ENFERMAGEM,40,8,0.2,8,0
UNIVERSIDADE FEDERAL DO RIO DE JANEIRO,TECNICO EM FARMACIA,14,3,0.21,2.8000000000000003,-0.19999999999999973
UNIVERSIDADE FEDERAL DO RIO DE JANEIRO,TECNICO EM RADIOLOGIA,12,2,0.17,2.4000000000000004,0.40000000000000036
UNIVERSIDADE FEDERAL DO RIO DE JANEIRO,TECNOLOGO-FORMACAO,5,2,0.4,1,-1
UNIVERSIDADE FEDERAL DO RIO GRANDE,ADMINISTRADOR,10,2,0.2,2,0
UNIVERSIDADE FEDERAL DO RIO GRANDE,ANALISTA DE TEC DA INFORMACAO,2,0,0,0.4,0.4
UNIVERSIDADE FEDERAL DO RIO GRANDE,ARQUIVISTA,1,0,0,0.2,0.2
UNIVERSIDADE FEDERAL DO RIO GRANDE,ASSISTENTE EM ADMINISTRACAO,11,2,0.18,2.2,0.20000000000000018
UNIVERSIDADE FEDERAL DO RIO GRANDE,ASSISTENTE SOCIAL,3,1,0.33,0.6000000000000001,-0.3999999999999999
UNIVERSIDADE FEDERAL DO RIO GRANDE,BIBLIOTECARIO-DOCUMENTALISTA,1,0,0,0.2,0.2
UNIVERSIDADE FEDERAL DO RIO GRANDE,ENGENHEIRO-AREA,1,0,0,0.2,0.2
UNIVERSIDADE FEDERAL DO RIO GRANDE,FISICO,1,0,0,0.2,0.2
UNIVERSIDADE FEDERAL DO RIO GRANDE,MEDICO - PCCTAE,3,0,0,0.6000000000000001,0.6000000000000001
UNIVERSIDADE FEDERAL DO RIO GRANDE,PEDAGOGO-AREA,3,1,0.33,0.6000000000000001,-0.3999999999999999
UNIVERSIDADE FEDERAL DO RIO GRANDE,PROFESSOR DO MAGISTERIO SUPERIOR,51,3,0.06,10.200000000000001,7.200000000000001
UNIVERSIDADE FEDERAL DO RIO GRANDE,PSICOLOGO-AREA,3,1,0.33,0.6000000000000001,-0.3999999999999999
UNIVERSIDADE FEDERAL DO RIO GRANDE,QUIMICO,1,0,0,0.2,0.2
UNIVERSIDADE FEDERAL DO RIO GRANDE,TEC DE TECNOLOGIA DA INFORMACAO,11,1,0.09,2.2,1.2000000000000002
UNIVERSIDADE FEDERAL DO RIO GRANDE,TECNICO DE LABORATORIO AREA,13,1,0.08,2.6,1.6
UNIVERSIDADE FEDERAL DO RIO GRANDE,TECNICO EM ASSUNTOS EDUCACIONAIS,7,1,0.14,1.4000000000000001,0.40000000000000013
UNIVERSIDADE FEDERAL DO RIO GRANDE,TECNICO EM CONTABILIDADE,1,0,0,0.2,0.2
UNIVERSIDADE FEDERAL DO RIO GRANDE,TECNOLOGO-FORMACAO,2,1,0.5,0.4,-0.6
UNIVERSIDADE FEDERAL DO SUL DA BAHIA,ADMINISTRADOR,15,3,0.2,3,0
UNIVERSIDADE FEDERAL DO SUL DA BAHIA,ANALISTA DE TEC DA INFORMACAO,3,2,0.67,0.6000000000000001,-1.4
UNIVERSIDADE FEDERAL DO SUL DA BAHIA,ASSISTENTE EM ADMINISTRACAO,18,6,0.33,3.6,-2.4
UNIVERSIDADE FEDERAL DO SUL DA BAHIA,BIOLOGO,1,0,0,0.2,0.2
UNIVERSIDADE FEDERAL DO SUL DA BAHIA,ENFERMEIRO-AREA,4,1,0.25,0.8,-0.19999999999999996
UNIVERSIDADE FEDERAL DO SUL DA BAHIA,ENGENHEIRO DE SEG DO TRABALHO,1,0,0,0.2,0.2
UNIVERSIDADE FEDERAL DO SUL DA BAHIA,MEDICO - PCCTAE,1,0,0,0.2,0.2
UNIVERSIDADE FEDERAL DO SUL DA BAHIA,NUTRICIONISTA-HABILITACAO,3,1,0.33,0.6000000000000001,-0.3999999999999999
UNIVERSIDADE FEDERAL DO SUL DA BAHIA,PEDAGOGO-AREA,2,1,0.5,0.4,-0.6
UNIVERSIDADE FEDERAL DO SUL DA BAHIA,PROFESSOR DO MAGISTERIO SUPERIOR,29,3,0.1,5.800000000000001,2.8000000000000007
UNIVERSIDADE FEDERAL DO SUL DA BAHIA,PSICOLOGO-AREA,2,0,0,0.4,0.4
UNIVERSIDADE FEDERAL DO SUL DA BAHIA,TEC DE TECNOLOGIA DA INFORMACAO,2,0,0,0.4,0.4
UNIVERSIDADE FEDERAL DO SUL DA BAHIA,TECNICO DE LABORATORIO AREA,3,0,0,0.6000000000000001,0.6000000000000001
UNIVERSIDADE FEDERAL FLUMINENSE,ADMINISTRADOR,10,1,0.1,2,1
UNIVERSIDADE FEDERAL FLUMINENSE,ANALISTA DE TEC DA INFORMACAO,10,0,0,2,2
UNIVERSIDADE FEDERAL FLUMINENSE,ASSISTENTE EM ADMINISTRACAO,52,13,0.25,10.4,-2.5999999999999996
UNIVERSIDADE FEDERAL FLUMINENSE,BIBLIOTECARIO-DOCUMENTALISTA,7,2,0.29,1.4000000000000001,-0.5999999999999999
UNIVERSIDADE FEDERAL FLUMINENSE,ENGENHEIRO DE SEG DO TRABALHO,2,0,0,0.4,0.4
UNIVERSIDADE FEDERAL FLUMINENSE,ENGENHEIRO-AREA,2,0,0,0.4,0.4
UNIVERSIDADE FEDERAL FLUMINENSE,FISIOTERAPEUTA,2,0,0,0.4,0.4
UNIVERSIDADE FEDERAL FLUMINENSE,MEDICO - PCCTAE,8,0,0,1.6,1.6
UNIVERSIDADE FEDERAL FLUMINENSE,MEDICO VETERINARIO - PCCTAE,2,1,0.5,0.4,-0.6
UNIVERSIDADE FEDERAL FLUMINENSE,MUSICO,5,1,0.2,1,0
UNIVERSIDADE FEDERAL FLUMINENSE,NUTRICIONISTA-HABILITACAO,1,0,0,0.2,0.2
UNIVERSIDADE FEDERAL FLUMINENSE,PROFESSOR DO MAGISTERIO SUPERIOR,226,8,0.04,45.2,37.2
UNIVERSIDADE FEDERAL FLUMINENSE,PROFESSOR ENS BASICO TECN TECNOLOGICO,2,0,0,0.4,0.4
UNIVERSIDADE FEDERAL FLUMINENSE,SOCIOLOGO,1,0,0,0.2,0.2
UNIVERSIDADE FEDERAL FLUMINENSE,TEC DE TECNOLOGIA DA INFORMACAO,6,0,0,1.2000000000000002,1.2000000000000002
UNIVERSIDADE FEDERAL FLUMINENSE,TECNICO DE LABORATORIO AREA,21,0,0,4.2,4.2
UNIVERSIDADE FEDERAL FLUMINENSE,TECNICO EM AGROPECUARIA,2,0,0,0.4,0.4
UNIVERSIDADE FEDERAL FLUMINENSE,TECNICO EM ASSUNTOS EDUCACIONAIS,3,0,0,0.6000000000000001,0.6000000000000001
UNIVERSIDADE FEDERAL FLUMINENSE,TECNICO EM CONTABILIDADE,1,0,0,0.2,0.2
UNIVERSIDADE FEDERAL FLUMINENSE,TECNICO EM ENFERMAGEM,12,4,0.33,2.4000000000000004,-1.5999999999999996
UNIVERSIDADE FEDERAL FLUMINENSE,TECNICO EM FARMACIA,3,1,0.33,0.6000000000000001,-0.3999999999999999
UNIVERSIDADE FEDERAL NORTE DO TOCANTINS,ADMINISTRADOR,7,2,0.29,1.4000000000000001,-0.5999999999999999
UNIVERSIDADE FEDERAL NORTE DO TOCANTINS,ANALISTA DE TEC DA INFORMACAO,3,1,0.33,0.6000000000000001,-0.3999999999999999
UNIVERSIDADE FEDERAL NORTE DO TOCANTINS,ARQUITETO E URBANISTA,1,0,0,0.2,0.2
UNIVERSIDADE FEDERAL NORTE DO TOCANTINS,ASSISTENTE EM ADMINISTRACAO,43,8,0.19,8.6,0.5999999999999996
UNIVERSIDADE FEDERAL NORTE DO TOCANTINS,ASSISTENTE SOCIAL,1,0,0,0.2,0.2
UNIVERSIDADE FEDERAL NORTE DO TOCANTINS,CONTADOR,3,2,0.67,0.6000000000000001,-1.4
UNIVERSIDADE FEDERAL NORTE DO TOCANTINS,ENGENHEIRO DE SEG DO TRABALHO,1,0,0,0.2,0.2
UNIVERSIDADE FEDERAL NORTE DO TOCANTINS,ENGENHEIRO-AREA,4,0,0,0.8,0.8
UNIVERSIDADE FEDERAL NORTE DO TOCANTINS,MEDICO - PCCTAE,1,0,0,0.2,0.2
UNIVERSIDADE FEDERAL NORTE DO TOCANTINS,PEDAGOGO-AREA,2,1,0.5,0.4,-0.6
UNIVERSIDADE FEDERAL NORTE DO TOCANTINS,PROFESSOR DO MAGISTERIO SUPERIOR,32,4,0.12,6.4,2.4000000000000004
UNIVERSIDADE FEDERAL NORTE DO TOCANTINS,PSICOLOGO-AREA,2,1,0.5,0.4,-0.6
UNIVERSIDADE FEDERAL NORTE DO TOCANTINS,TEC DE TECNOLOGIA DA INFORMACAO,7,1,0.14,1.4000000000000001,0.40000000000000013
UNIVERSIDADE FEDERAL RURAL DA AMAZONIA,ASSISTENTE EM ADMINISTRACAO,2,0,0,0.4,0.4
UNIVERSIDADE FEDERAL RURAL DA AMAZONIA,CONTADOR,2,0,0,0.4,0.4
UNIVERSIDADE FEDERAL RURAL DA AMAZONIA,ENGENHEIRO-AREA,1,0,0,0.2,0.2
UNIVERSIDADE FEDERAL RURAL DA AMAZONIA,MEDICO VETERINARIO - PCCTAE,1,0,0,0.2,0.2
UNIVERSIDADE FEDERAL RURAL DA AMAZONIA,PROFESSOR DO MAGISTERIO SUPERIOR,49,0,0,9.8,9.8
UNIVERSIDADE FEDERAL RURAL DA AMAZONIA,TECNICO DE LABORATORIO AREA,1,0,0,0.2,0.2
UNIVERSIDADE FEDERAL RURAL DA AMAZONIA,TECNICO EM CONTABILIDADE,6,0,0,1.2000000000000002,1.2000000000000002
UNIVERSIDADE FEDERAL RURAL DE PERNAMBUCO,ADMINISTRADOR,3,0,0,0.6000000000000001,0.6000000000000001
UNIVERSIDADE FEDERAL RURAL DE PERNAMBUCO,ANALISTA DE TEC DA INFORMACAO,2,0,0,0.4,0.4
UNIVERSIDADE FEDERAL RURAL DE PERNAMBUCO,ARQUITETO E URBANISTA,1,0,0,0.2,0.2
UNIVERSIDADE FEDERAL RURAL DE PERNAMBUCO,ASSISTENTE EM ADMINISTRACAO,25,7,0.28,5,-2
UNIVERSIDADE FEDERAL RURAL DE PERNAMBUCO,ASSISTENTE SOCIAL,1,1,1,0.2,-0.8
UNIVERSIDADE FEDERAL RURAL DE PERNAMBUCO,AUDITOR,1,1,1,0.2,-0.8
UNIVERSIDADE FEDERAL RURAL DE PERNAMBUCO,BIBLIOTECARIO-DOCUMENTALISTA,1,0,0,0.2,0.2
UNIVERSIDADE FEDERAL RURAL DE PERNAMBUCO,CONTADOR,2,1,0.5,0.4,-0.6
UNIVERSIDADE FEDERAL RURAL DE PERNAMBUCO,ENGENHEIRO AGRONOMO,1,0,0,0.2,0.2
UNIVERSIDADE FEDERAL RURAL DE PERNAMBUCO,ENGENHEIRO-AREA,1,0,0,0.2,0.2
UNIVERSIDADE FEDERAL RURAL DE PERNAMBUCO,MEDICO - PCCTAE,1,0,0,0.2,0.2
UNIVERSIDADE FEDERAL RURAL DE PERNAMBUCO,MEDICO VETERINARIO - PCCTAE,2,0,0,0.4,0.4
UNIVERSIDADE FEDERAL RURAL DE PERNAMBUCO,NUTRICIONISTA-HABILITACAO,1,1,1,0.2,-0.8
UNIVERSIDADE FEDERAL RURAL DE PERNAMBUCO,PROFESSOR DO MAGISTERIO SUPERIOR,75,5,0.07,15,10
UNIVERSIDADE FEDERAL RURAL DE PERNAMBUCO,TEC DE TECNOLOGIA DA INFORMACAO,5,0,0,1,1
UNIVERSIDADE FEDERAL RURAL DE PERNAMBUCO,TECNICO DE LABORATORIO AREA,9,0,0,1.8,1.8
UNIVERSIDADE FEDERAL RURAL DE PERNAMBUCO,TECNICO EM ASSUNTOS EDUCACIONAIS,7,0,0,1.4000000000000001,1.4000000000000001
UNIVERSIDADE FEDERAL RURAL DE PERNAMBUCO,TECNICO EM CONTABILIDADE,3,0,0,0.6000000000000001,0.6000000000000001
UNIVERSIDADE FEDERAL RURAL DE PERNAMBUCO,ZOOTECNISTA,1,0,0,0.2,0.2
